日期時間,降水量(mm),雨量(mm),氣溫(℃)
2025-11-24T00:00,0.0,0.0,19.9
2025-11-24T01:00,0.0,0.0,19.9
2025-11-24T02:00,0.0,0.0,19.6
2025-11-24T03:00,0.0,0.0,19.5
2025-11-24T04:00,0.0,0.0,19.2
2025-11-24T05:00,0.0,0.0,18.2
2025-11-24T06:00,0.0,0.0,17.5
2025-11-24T07:00,0.0,0.0,18.0
2025-11-24T08:00,0.0,0.0,21.8
2025-11-24T09:00,0.0,0.0,24.8
2025-11-24T10:00,0.0,0.0,26.8
2025-11-24T11:00,0.0,0.0,28.0
2025-11-24T12:00,0.0,0.0,28.6
2025-11-24T13:00,0.1,0.1,29.1
2025-11-24T14:00,0.2,0.2,28.5
2025-11-24T15:00,0.5,0.5,27.8
2025-11-24T16:00,0.0,0.0,26.0
2025-11-24T17:00,0.0,0.0,24.1
2025-11-24T18:00,0.0,0.0,22.2
2025-11-24T19:00,0.0,0.0,21.4
2025-11-24T20:00,0.0,0.0,20.8
2025-11-24T21:00,0.0,0.0,20.6
2025-11-24T22:00,0.0,0.0,20.4
2025-11-24T23:00,0.0,0.0,20.0
2025-11-25T00:00,0.0,0.0,19.9
2025-11-25T01:00,0.1,0.1,19.6
2025-11-25T02:00,0.3,0.3,20.0
2025-11-25T03:00,0.1,0.1,20.0
2025-11-25T04:00,0.0,0.0,19.7
2025-11-25T05:00,0.0,0.0,19.8
2025-11-25T06:00,0.0,0.0,19.7
2025-11-25T07:00,0.0,0.0,19.7
2025-11-25T08:00,0.0,0.0,20.6
2025-11-25T09:00,0.0,0.0,20.9
2025-11-25T10:00,0.0,0.0,21.5
2025-11-25T11:00,0.0,0.0,21.5
2025-11-25T12:00,0.0,0.0,21.9
2025-11-25T13:00,0.0,0.0,20.8
2025-11-25T14:00,0.0,0.0,20.6
2025-11-25T15:00,0.0,0.0,19.6
2025-11-25T16:00,0.0,0.0,19.2
2025-11-25T17:00,0.0,0.0,18.8
2025-11-25T18:00,0.0,0.0,18.4
2025-11-25T19:00,0.0,0.0,18.0
2025-11-25T20:00,0.0,0.0,17.8
2025-11-25T21:00,0.0,0.0,17.8
2025-11-25T22:00,0.0,0.0,17.7
2025-11-25T23:00,0.0,0.0,17.4
2025-11-26T00:00,0.0,0.0,17.4
2025-11-26T01:00,0.0,0.0,17.1
2025-11-26T02:00,0.0,0.0,17.0
2025-11-26T03:00,0.0,0.0,16.9
2025-11-26T04:00,0.0,0.0,16.9
2025-11-26T05:00,0.0,0.0,16.8
2025-11-26T06:00,0.0,0.0,17.1
2025-11-26T07:00,0.0,0.0,17.5
2025-11-26T08:00,0.0,0.0,19.0
2025-11-26T09:00,0.0,0.0,20.5
2025-11-26T10:00,0.0,0.0,21.4
2025-11-26T11:00,0.0,0.0,21.5
2025-11-26T12:00,0.0,0.0,21.5
2025-11-26T13:00,0.0,0.0,21.5
2025-11-26T14:00,0.0,0.0,21.8
2025-11-26T15:00,0.0,0.0,21.5
2025-11-26T16:00,0.0,0.0,20.8
2025-11-26T17:00,0.0,0.0,19.5
2025-11-26T18:00,0.0,0.0,19.2
2025-11-26T19:00,0.0,0.0,19.0
2025-11-26T20:00,0.0,0.0,19.2
2025-11-26T21:00,0.0,0.0,19.2
2025-11-26T22:00,0.0,0.0,18.9
2025-11-26T23:00,0.0,0.0,18.4
2025-11-27T00:00,0.0,0.0,17.8
2025-11-27T01:00,0.0,0.0,17.1
2025-11-27T02:00,0.0,0.0,16.9
2025-11-27T03:00,0.0,0.0,16.8
2025-11-27T04:00,0.0,0.0,17.1
2025-11-27T05:00,0.0,0.0,18.0
2025-11-27T06:00,0.0,0.0,18.0
2025-11-27T07:00,0.0,0.0,18.4
2025-11-27T08:00,0.0,0.0,19.5
2025-11-27T09:00,0.0,0.0,20.8
2025-11-27T10:00,0.0,0.0,21.7
2025-11-27T11:00,0.0,0.0,21.6
2025-11-27T12:00,0.0,0.0,22.1
2025-11-27T13:00,0.0,0.0,21.8
2025-11-27T14:00,0.0,0.0,21.0
2025-11-27T15:00,0.0,0.0,20.5
2025-11-27T16:00,0.0,0.0,19.6
2025-11-27T17:00,0.0,0.0,18.8
2025-11-27T18:00,0.0,0.0,18.5
2025-11-27T19:00,0.0,0.0,18.4
2025-11-27T20:00,0.0,0.0,18.4
2025-11-27T21:00,0.0,0.0,18.6
2025-11-27T22:00,0.0,0.0,18.5
2025-11-27T23:00,0.0,0.0,18.4
2025-11-28T00:00,0.0,0.0,18.2
2025-11-28T01:00,0.0,0.0,18.1
2025-11-28T02:00,0.0,0.0,18.0
2025-11-28T03:00,0.0,0.0,17.8
2025-11-28T04:00,0.0,0.0,17.5
2025-11-28T05:00,0.0,0.0,17.2
2025-11-28T06:00,0.0,0.0,17.3
2025-11-28T07:00,0.0,0.0,17.4
2025-11-28T08:00,0.0,0.0,18.3
2025-11-28T09:00,0.0,0.0,19.0
2025-11-28T10:00,0.0,0.0,20.0
2025-11-28T11:00,0.0,0.0,20.1
2025-11-28T12:00,0.0,0.0,20.8
2025-11-28T13:00,0.0,0.0,21.1
2025-11-28T14:00,0.0,0.0,20.6
2025-11-28T15:00,0.0,0.0,20.1
2025-11-28T16:00,0.0,0.0,19.7
2025-11-28T17:00,0.0,0.0,18.9
2025-11-28T18:00,0.0,0.0,18.4
2025-11-28T19:00,0.0,0.0,17.4
2025-11-28T20:00,0.0,0.0,17.8
2025-11-28T21:00,0.0,0.0,17.6
2025-11-28T22:00,0.0,0.0,17.0
2025-11-28T23:00,0.0,0.0,16.5
2025-11-29T00:00,0.0,0.0,16.3
2025-11-29T01:00,0.0,0.0,15.9
2025-11-29T02:00,0.0,0.0,15.9
2025-11-29T03:00,0.0,0.0,15.8
2025-11-29T04:00,0.0,0.0,15.4
2025-11-29T05:00,0.0,0.0,15.4
2025-11-29T06:00,0.0,0.0,15.2
2025-11-29T07:00,0.0,0.0,15.9
2025-11-29T08:00,0.0,0.0,18.6
2025-11-29T09:00,0.0,0.0,22.1
2025-11-29T10:00,0.0,0.0,24.0
2025-11-29T11:00,0.0,0.0,24.8
2025-11-29T12:00,0.0,0.0,25.5
2025-11-29T13:00,0.0,0.0,25.6
2025-11-29T14:00,0.0,0.0,25.5
2025-11-29T15:00,0.0,0.0,24.8
2025-11-29T16:00,0.0,0.0,23.6
2025-11-29T17:00,0.0,0.0,21.5
2025-11-29T18:00,0.0,0.0,19.9
2025-11-29T19:00,0.0,0.0,18.9
2025-11-29T20:00,0.0,0.0,17.6
2025-11-29T21:00,0.0,0.0,17.5
2025-11-29T22:00,0.0,0.0,17.2
2025-11-29T23:00,0.0,0.0,17.0
2025-11-30T00:00,0.0,0.0,16.8
2025-11-30T01:00,0.0,0.0,16.4
2025-11-30T02:00,0.0,0.0,16.0
2025-11-30T03:00,0.0,0.0,16.2
2025-11-30T04:00,0.0,0.0,16.1
2025-11-30T05:00,0.0,0.0,16.0
2025-11-30T06:00,0.0,0.0,15.2
2025-11-30T07:00,0.0,0.0,16.0
2025-11-30T08:00,0.0,0.0,19.6
2025-11-30T09:00,0.0,0.0,23.2
2025-11-30T10:00,0.0,0.0,26.1
2025-11-30T11:00,0.0,0.0,28.0
2025-11-30T12:00,0.0,0.0,29.0
2025-11-30T13:00,0.0,0.0,29.6
2025-11-30T14:00,0.0,0.0,28.4
2025-11-30T15:00,0.1,0.1,25.9
2025-11-30T16:00,0.0,0.0,24.3
2025-11-30T17:00,0.0,0.0,22.5
2025-11-30T18:00,0.1,0.1,21.8
2025-11-30T19:00,0.0,0.0,20.5
2025-11-30T20:00,0.0,0.0,19.2
2025-11-30T21:00,0.0,0.0,18.7
2025-11-30T22:00,0.0,0.0,19.0
2025-11-30T23:00,0.0,0.0,18.9
2025-12-01T00:00,0.0,0.0,18.4
2025-12-01T01:00,0.0,0.0,18.3
2025-12-01T02:00,1.9,1.9,18.8
2025-12-01T03:00,10.9,10.9,19.2
2025-12-01T04:00,0.0,0.0,18.8
2025-12-01T05:00,0.2,0.2,18.6
2025-12-01T06:00,1.6,1.6,18.9
2025-12-01T07:00,1.2,1.2,19.5
2025-12-01T08:00,0.1,0.1,20.3
2025-12-01T09:00,0.0,0.0,21.5
2025-12-01T10:00,0.0,0.0,22.9
2025-12-01T11:00,0.0,0.0,24.5
2025-12-01T12:00,0.0,0.0,25.2
2025-12-01T13:00,0.0,0.0,25.8
2025-12-01T14:00,0.0,0.0,26.0
2025-12-01T15:00,0.0,0.0,26.2
2025-12-01T16:00,0.0,0.0,25.1
2025-12-01T17:00,0.0,0.0,22.6
2025-12-01T18:00,0.0,0.0,21.5
2025-12-01T19:00,0.0,0.0,21.4
2025-12-01T20:00,0.0,0.0,22.0
2025-12-01T21:00,0.0,0.0,22.1
2025-12-01T22:00,0.0,0.0,21.9
2025-12-01T23:00,0.0,0.0,21.6
2025-12-02T00:00,0.0,0.0,21.1
2025-12-02T01:00,0.0,0.0,21.1
2025-12-02T02:00,0.0,0.0,21.2
2025-12-02T03:00,0.0,0.0,21.4
2025-12-02T04:00,0.0,0.0,21.0
2025-12-02T05:00,0.0,0.0,20.5
2025-12-02T06:00,0.0,0.0,20.2
2025-12-02T07:00,0.0,0.0,20.2
2025-12-02T08:00,0.0,0.0,22.1
2025-12-02T09:00,0.0,0.0,23.5
2025-12-02T10:00,0.0,0.0,24.4
2025-12-02T11:00,0.0,0.0,24.8
2025-12-02T12:00,0.0,0.0,25.8
2025-12-02T13:00,0.7,0.7,25.8
2025-12-02T14:00,0.7,0.7,24.4
2025-12-02T15:00,0.6,0.6,23.1
2025-12-02T16:00,0.0,0.0,22.4
2025-12-02T17:00,0.0,0.0,21.4
2025-12-02T18:00,0.0,0.0,20.7
2025-12-02T19:00,0.0,0.0,20.5
2025-12-02T20:00,0.0,0.0,20.1
2025-12-02T21:00,0.0,0.0,20.0
2025-12-02T22:00,0.0,0.0,19.6
2025-12-02T23:00,0.0,0.0,20.0
2025-12-03T00:00,0.0,0.0,20.0
2025-12-03T01:00,0.0,0.0,19.7
2025-12-03T02:00,0.0,0.0,19.5
2025-12-03T03:00,0.0,0.0,19.1
2025-12-03T04:00,0.1,0.1,18.8
2025-12-03T05:00,0.3,0.3,18.6
2025-12-03T06:00,0.6,0.6,18.4
2025-12-03T07:00,0.6,0.6,17.7
2025-12-03T08:00,0.5,0.5,18.1
2025-12-03T09:00,0.1,0.1,18.5
2025-12-03T10:00,0.5,0.5,18.5
2025-12-03T11:00,0.2,0.2,18.6
2025-12-03T12:00,0.1,0.1,18.5
2025-12-03T13:00,0.0,0.0,18.1
2025-12-03T14:00,0.0,0.0,18.2
2025-12-03T15:00,0.0,0.0,18.2
2025-12-03T16:00,0.0,0.0,18.0
2025-12-03T17:00,0.0,0.0,17.1
2025-12-03T18:00,0.0,0.0,17.0
2025-12-03T19:00,0.0,0.0,17.0
2025-12-03T20:00,0.0,0.0,16.4
2025-12-03T21:00,0.0,0.0,16.2
2025-12-03T22:00,0.0,0.0,16.4
2025-12-03T23:00,0.0,0.0,16.0
2025-12-04T00:00,0.0,0.0,15.6
2025-12-04T01:00,0.0,0.0,15.8
2025-12-04T02:00,0.0,0.0,15.7
2025-12-04T03:00,0.0,0.0,15.5
2025-12-04T04:00,0.0,0.0,15.4
2025-12-04T05:00,0.0,0.0,15.2
2025-12-04T06:00,0.0,0.0,15.1
2025-12-04T07:00,0.0,0.0,15.6
2025-12-04T08:00,0.0,0.0,17.8
2025-12-04T09:00,0.0,0.0,19.1
2025-12-04T10:00,0.0,0.0,20.0
2025-12-04T11:00,0.0,0.0,20.5
2025-12-04T12:00,0.0,0.0,21.3
2025-12-04T13:00,0.0,0.0,21.1
2025-12-04T14:00,0.0,0.0,20.6
2025-12-04T15:00,0.0,0.0,20.1
2025-12-04T16:00,0.0,0.0,19.5
2025-12-04T17:00,0.0,0.0,18.5
2025-12-04T18:00,0.0,0.0,17.8
2025-12-04T19:00,0.0,0.0,17.9
2025-12-04T20:00,0.0,0.0,17.9
2025-12-04T21:00,0.0,0.0,17.9
2025-12-04T22:00,0.0,0.0,18.0
2025-12-04T23:00,0.0,0.0,17.6
2025-12-05T00:00,0.0,0.0,17.5
2025-12-05T01:00,0.0,0.0,17.6
2025-12-05T02:00,0.0,0.0,16.7
2025-12-05T03:00,0.0,0.0,16.6
2025-12-05T04:00,0.0,0.0,16.5
2025-12-05T05:00,0.0,0.0,16.0
2025-12-05T06:00,0.0,0.0,16.4
2025-12-05T07:00,0.0,0.0,17.3
2025-12-05T08:00,0.0,0.0,18.5
2025-12-05T09:00,0.0,0.0,19.2
2025-12-05T10:00,0.0,0.0,19.7
2025-12-05T11:00,0.0,0.0,20.6
2025-12-05T12:00,0.0,0.0,20.9
2025-12-05T13:00,0.0,0.0,21.0
2025-12-05T14:00,0.0,0.0,20.0
2025-12-05T15:00,0.0,0.0,19.2
2025-12-05T16:00,0.0,0.0,18.9
2025-12-05T17:00,0.0,0.0,18.2
2025-12-05T18:00,0.0,0.0,17.8
2025-12-05T19:00,0.0,0.0,17.8
2025-12-05T20:00,0.0,0.0,17.8
2025-12-05T21:00,0.1,0.1,17.6
2025-12-05T22:00,0.0,0.0,17.6
2025-12-05T23:00,0.1,0.1,17.5
2025-12-06T00:00,0.2,0.2,17.3
2025-12-06T01:00,0.2,0.2,17.2
2025-12-06T02:00,0.0,0.0,16.8
2025-12-06T03:00,0.0,0.0,16.2
2025-12-06T04:00,0.0,0.0,16.1
2025-12-06T05:00,0.0,0.0,16.5
2025-12-06T06:00,0.0,0.0,17.0
2025-12-06T07:00,0.0,0.0,17.2
2025-12-06T08:00,0.0,0.0,18.1
2025-12-06T09:00,0.0,0.0,19.8
2025-12-06T10:00,0.0,0.0,21.5
2025-12-06T11:00,0.0,0.0,22.0
2025-12-06T12:00,0.0,0.0,21.7
2025-12-06T13:00,0.0,0.0,22.0
2025-12-06T14:00,0.0,0.0,22.1
2025-12-06T15:00,0.0,0.0,21.5
2025-12-06T16:00,0.0,0.0,21.0
2025-12-06T17:00,0.0,0.0,20.0
2025-12-06T18:00,0.0,0.0,19.5
2025-12-06T19:00,0.0,0.0,18.9
2025-12-06T20:00,0.0,0.0,19.4
2025-12-06T21:00,0.0,0.0,19.1
2025-12-06T22:00,0.0,0.0,19.2
2025-12-06T23:00,0.0,0.0,19.1
2025-12-07T00:00,0.0,0.0,19.2
2025-12-07T01:00,0.0,0.0,19.4
2025-12-07T02:00,0.0,0.0,19.2
2025-12-07T03:00,0.0,0.0,18.8
2025-12-07T04:00,0.0,0.0,18.6
2025-12-07T05:00,0.0,0.0,18.5
2025-12-07T06:00,0.0,0.0,18.6
2025-12-07T07:00,0.0,0.0,19.0
2025-12-07T08:00,0.0,0.0,21.0
2025-12-07T09:00,0.0,0.0,22.4
2025-12-07T10:00,0.0,0.0,23.3
2025-12-07T11:00,0.0,0.0,23.8
2025-12-07T12:00,0.0,0.0,24.2
2025-12-07T13:00,0.0,0.0,24.8
2025-12-07T14:00,0.0,0.0,24.5
2025-12-07T15:00,0.0,0.0,24.1
2025-12-07T16:00,0.0,0.0,23.2
2025-12-07T17:00,0.0,0.0,21.4
2025-12-07T18:00,0.0,0.0,19.8
2025-12-07T19:00,0.0,0.0,19.0
2025-12-07T20:00,0.0,0.0,18.1
2025-12-07T21:00,0.0,0.0,17.9
2025-12-07T22:00,0.0,0.0,17.0
2025-12-07T23:00,0.0,0.0,16.3
2025-12-08T00:00,0.0,0.0,15.9
2025-12-08T01:00,0.0,0.0,15.1
2025-12-08T02:00,0.0,0.0,14.1
2025-12-08T03:00,0.0,0.0,14.3
2025-12-08T04:00,0.0,0.0,13.9
2025-12-08T05:00,0.0,0.0,14.0
2025-12-08T06:00,0.0,0.0,14.8
2025-12-08T07:00,0.0,0.0,15.9
2025-12-08T08:00,0.1,0.1,18.8
2025-12-08T09:00,0.2,0.2,20.0
2025-12-08T10:00,0.1,0.1,20.9
2025-12-08T11:00,0.1,0.1,22.0
2025-12-08T12:00,0.0,0.0,22.7
2025-12-08T13:00,0.0,0.0,22.4
2025-12-08T14:00,0.0,0.0,21.9
2025-12-08T15:00,0.0,0.0,20.9
2025-12-08T16:00,0.0,0.0,20.5
2025-12-08T17:00,0.0,0.0,19.8
2025-12-08T18:00,0.0,0.0,19.5
2025-12-08T19:00,0.2,0.2,18.6
2025-12-08T20:00,0.1,0.1,18.7
2025-12-08T21:00,0.1,0.1,18.6
2025-12-08T22:00,0.1,0.1,18.6
2025-12-08T23:00,0.1,0.1,18.8
2025-12-09T00:00,0.1,0.1,18.6
2025-12-09T01:00,0.3,0.3,18.6
2025-12-09T02:00,0.4,0.4,18.5
2025-12-09T03:00,1.1,1.1,18.1
2025-12-09T04:00,1.3,1.3,18.0
2025-12-09T05:00,0.7,0.7,18.0
2025-12-09T06:00,0.5,0.5,18.3
2025-12-09T07:00,0.1,0.1,18.4
2025-12-09T08:00,0.1,0.1,18.4
2025-12-09T09:00,0.1,0.1,18.8
2025-12-09T10:00,0.1,0.1,19.6
2025-12-09T11:00,0.0,0.0,20.4
2025-12-09T12:00,0.0,0.0,21.0
2025-12-09T13:00,0.0,0.0,22.0
2025-12-09T14:00,0.0,0.0,22.5
2025-12-09T15:00,0.1,0.1,22.0
2025-12-09T16:00,0.0,0.0,21.2
2025-12-09T17:00,0.0,0.0,20.3
2025-12-09T18:00,0.0,0.0,19.7
2025-12-09T19:00,0.0,0.0,19.5
2025-12-09T20:00,0.0,0.0,19.5
2025-12-09T21:00,0.0,0.0,19.6
2025-12-09T22:00,0.0,0.0,19.5
2025-12-09T23:00,0.0,0.0,19.6
2025-12-10T00:00,0.0,0.0,19.6
2025-12-10T01:00,0.0,0.0,19.5
2025-12-10T02:00,0.0,0.0,19.0
2025-12-10T03:00,0.0,0.0,18.8
2025-12-10T04:00,0.0,0.0,18.0
2025-12-10T05:00,0.0,0.0,16.8
2025-12-10T06:00,0.0,0.0,15.9
2025-12-10T07:00,0.0,0.0,15.6
2025-12-10T08:00,0.0,0.0,19.0
2025-12-10T09:00,0.0,0.0,21.1
2025-12-10T10:00,0.0,0.0,23.0
2025-12-10T11:00,0.0,0.0,24.2
2025-12-10T12:00,0.0,0.0,24.8
2025-12-10T13:00,0.0,0.0,24.8
2025-12-10T14:00,0.0,0.0,23.4
2025-12-10T15:00,0.0,0.0,22.9
2025-12-10T16:00,0.0,0.0,22.2
2025-12-10T17:00,0.0,0.0,21.3
2025-12-10T18:00,0.0,0.0,20.0
2025-12-10T19:00,0.0,0.0,19.4
2025-12-10T20:00,0.0,0.0,19.1
2025-12-10T21:00,0.1,0.1,19.0
2025-12-10T22:00,0.0,0.0,19.0
2025-12-10T23:00,0.0,0.0,18.8
2025-12-11T00:00,0.0,0.0,18.4
2025-12-11T01:00,0.0,0.0,18.0
2025-12-11T02:00,0.0,0.0,17.5
2025-12-11T03:00,0.0,0.0,17.0
2025-12-11T04:00,0.0,0.0,16.4
2025-12-11T05:00,0.1,0.1,16.4
2025-12-11T06:00,0.0,0.0,16.4
2025-12-11T07:00,0.0,0.0,16.4
2025-12-11T08:00,0.0,0.0,17.7
2025-12-11T09:00,0.0,0.0,19.5
2025-12-11T10:00,0.0,0.0,21.1
2025-12-11T11:00,0.0,0.0,22.6
2025-12-11T12:00,0.0,0.0,23.5
2025-12-11T13:00,0.0,0.0,23.4
2025-12-11T14:00,0.0,0.0,22.7
2025-12-11T15:00,0.1,0.1,22.1
2025-12-11T16:00,0.1,0.1,20.8
2025-12-11T17:00,0.0,0.0,19.6
2025-12-11T18:00,0.0,0.0,18.8
2025-12-11T19:00,0.0,0.0,18.5
2025-12-11T20:00,0.0,0.0,18.7
2025-12-11T21:00,0.0,0.0,18.8
2025-12-11T22:00,0.0,0.0,18.7
2025-12-11T23:00,0.0,0.0,19.0
2025-12-12T00:00,0.0,0.0,18.8
2025-12-12T01:00,0.0,0.0,18.4
2025-12-12T02:00,0.0,0.0,18.7
2025-12-12T03:00,0.0,0.0,19.0
2025-12-12T04:00,0.0,0.0,18.7
2025-12-12T05:00,0.0,0.0,18.6
2025-12-12T06:00,0.0,0.0,18.6
2025-12-12T07:00,0.0,0.0,18.8
2025-12-12T08:00,0.0,0.0,19.8
2025-12-12T09:00,0.0,0.0,20.2
2025-12-12T10:00,0.1,0.1,20.7
2025-12-12T11:00,0.0,0.0,21.0
2025-12-12T12:00,0.0,0.0,21.0
2025-12-12T13:00,0.0,0.0,21.0
2025-12-12T14:00,0.0,0.0,20.0
2025-12-12T15:00,0.1,0.1,20.0
2025-12-12T16:00,0.0,0.0,19.8
2025-12-12T17:00,0.0,0.0,19.2
2025-12-12T18:00,0.0,0.0,19.0
2025-12-12T19:00,0.0,0.0,18.9
2025-12-12T20:00,0.0,0.0,19.2
2025-12-12T21:00,0.0,0.0,19.2
2025-12-12T22:00,0.0,0.0,19.5
2025-12-12T23:00,0.0,0.0,19.8
2025-12-13T00:00,0.0,0.0,19.6
2025-12-13T01:00,0.1,0.1,19.6
2025-12-13T02:00,0.5,0.5,19.5
2025-12-13T03:00,0.3,0.3,19.5
2025-12-13T04:00,0.1,0.1,19.2
2025-12-13T05:00,0.3,0.3,19.0
2025-12-13T06:00,0.7,0.7,18.8
2025-12-13T07:00,0.4,0.4,18.7
2025-12-13T08:00,0.3,0.3,19.4
2025-12-13T09:00,0.0,0.0,20.0
2025-12-13T10:00,0.2,0.2,20.4
2025-12-13T11:00,0.2,0.2,20.4
2025-12-13T12:00,0.2,0.2,20.5
2025-12-13T13:00,0.7,0.7,20.1
2025-12-13T14:00,0.6,0.6,19.6
2025-12-13T15:00,0.2,0.2,19.5
2025-12-13T16:00,0.1,0.1,18.8
2025-12-13T17:00,0.3,0.3,18.4
2025-12-13T18:00,0.2,0.2,17.9
2025-12-13T19:00,0.2,0.2,17.5
2025-12-13T20:00,0.1,0.1,17.2
2025-12-13T21:00,0.1,0.1,17.1
2025-12-13T22:00,0.2,0.2,16.9
2025-12-13T23:00,0.1,0.1,16.5
2025-12-14T00:00,0.2,0.2,16.1
2025-12-14T01:00,0.1,0.1,15.8
2025-12-14T02:00,0.0,0.0,15.9
2025-12-14T03:00,0.0,0.0,15.8
2025-12-14T04:00,0.1,0.1,15.2
2025-12-14T05:00,0.0,0.0,14.6
2025-12-14T06:00,0.0,0.0,14.3
2025-12-14T07:00,0.0,0.0,14.1
2025-12-14T08:00,0.0,0.0,13.9
2025-12-14T09:00,0.0,0.0,15.1
2025-12-14T10:00,0.0,0.0,16.0
2025-12-14T11:00,0.0,0.0,16.1
2025-12-14T12:00,0.0,0.0,15.7
2025-12-14T13:00,0.0,0.0,15.1
2025-12-14T14:00,0.0,0.0,15.1
2025-12-14T15:00,0.0,0.0,14.8
2025-12-14T16:00,0.0,0.0,14.4
2025-12-14T17:00,0.0,0.0,13.9
2025-12-14T18:00,0.0,0.0,13.5
2025-12-14T19:00,0.0,0.0,13.1
2025-12-14T20:00,0.0,0.0,13.4
2025-12-14T21:00,0.0,0.0,12.9
2025-12-14T22:00,0.0,0.0,13.2
2025-12-14T23:00,0.0,0.0,12.9
2025-12-15T00:00,0.0,0.0,12.9
2025-12-15T01:00,0.0,0.0,13.2
2025-12-15T02:00,0.0,0.0,13.0
2025-12-15T03:00,0.0,0.0,12.8
2025-12-15T04:00,0.0,0.0,12.6
2025-12-15T05:00,0.0,0.0,12.8
2025-12-15T06:00,0.0,0.0,13.3
2025-12-15T07:00,0.0,0.0,14.4
2025-12-15T08:00,0.0,0.0,15.9
2025-12-15T09:00,0.0,0.0,17.5
2025-12-15T10:00,0.0,0.0,18.5
2025-12-15T11:00,0.0,0.0,19.8
2025-12-15T12:00,0.0,0.0,20.2
2025-12-15T13:00,0.0,0.0,20.8
2025-12-15T14:00,0.0,0.0,20.6
2025-12-15T15:00,0.0,0.0,20.2
2025-12-15T16:00,0.0,0.0,19.5
2025-12-15T17:00,0.0,0.0,18.0
2025-12-15T18:00,0.0,0.0,17.2
2025-12-15T19:00,0.0,0.0,17.0
2025-12-15T20:00,0.0,0.0,15.8
2025-12-15T21:00,0.0,0.0,15.2
2025-12-15T22:00,0.0,0.0,14.6
2025-12-15T23:00,0.0,0.0,14.2
2025-12-16T00:00,0.0,0.0,13.8
2025-12-16T01:00,0.0,0.0,13.4
2025-12-16T02:00,0.0,0.0,12.8
2025-12-16T03:00,0.0,0.0,12.8
2025-12-16T04:00,0.0,0.0,12.4
2025-12-16T05:00,0.0,0.0,11.9
2025-12-16T06:00,0.0,0.0,11.8
2025-12-16T07:00,0.0,0.0,12.1
2025-12-16T08:00,0.0,0.0,15.8
2025-12-16T09:00,0.0,0.0,18.2
2025-12-16T10:00,0.0,0.0,20.4
2025-12-16T11:00,0.0,0.0,22.0
2025-12-16T12:00,0.0,0.0,23.1
2025-12-16T13:00,0.0,0.0,24.4
2025-12-16T14:00,0.0,0.0,24.5
2025-12-16T15:00,0.0,0.0,23.5
2025-12-16T16:00,0.0,0.0,21.9
2025-12-16T17:00,0.0,0.0,20.0
2025-12-16T18:00,0.0,0.0,18.9
2025-12-16T19:00,0.0,0.0,17.0
2025-12-16T20:00,0.0,0.0,15.6
2025-12-16T21:00,0.0,0.0,15.1
2025-12-16T22:00,0.0,0.0,14.4
2025-12-16T23:00,0.0,0.0,13.9
2025-12-17T00:00,0.0,0.0,13.9
2025-12-17T01:00,0.0,0.0,13.9
2025-12-17T02:00,0.0,0.0,14.0
2025-12-17T03:00,0.0,0.0,14.7
2025-12-17T04:00,0.0,0.0,15.6
2025-12-17T05:00,0.0,0.0,16.0
2025-12-17T06:00,0.0,0.0,16.2
2025-12-17T07:00,0.0,0.0,16.5
2025-12-17T08:00,0.0,0.0,18.6
2025-12-17T09:00,0.0,0.0,21.2
2025-12-17T10:00,0.0,0.0,23.0
2025-12-17T11:00,0.0,0.0,23.9
2025-12-17T12:00,0.0,0.0,24.2
2025-12-17T13:00,0.0,0.0,23.7
2025-12-17T14:00,0.0,0.0,24.0
2025-12-17T15:00,0.0,0.0,23.0
2025-12-17T16:00,0.0,0.0,22.0
2025-12-17T17:00,0.0,0.0,20.7
2025-12-17T18:00,0.0,0.0,19.8
2025-12-17T19:00,0.0,0.0,19.4
2025-12-17T20:00,0.0,0.0,19.7
2025-12-17T21:00,0.0,0.0,19.6
2025-12-17T22:00,0.0,0.0,19.2
2025-12-17T23:00,0.0,0.0,18.9
2025-12-18T00:00,0.0,0.0,18.5
2025-12-18T01:00,0.0,0.0,18.6
2025-12-18T02:00,0.0,0.0,18.5
2025-12-18T03:00,0.0,0.0,18.5
2025-12-18T04:00,0.0,0.0,18.4
2025-12-18T05:00,0.0,0.0,18.3
2025-12-18T06:00,0.0,0.0,18.2
2025-12-18T07:00,0.0,0.0,18.2
2025-12-18T08:00,0.0,0.0,19.1
2025-12-18T09:00,0.0,0.0,19.6
2025-12-18T10:00,0.0,0.0,20.5
2025-12-18T11:00,0.0,0.0,20.6
2025-12-18T12:00,0.0,0.0,21.1
2025-12-18T13:00,0.0,0.0,22.5
2025-12-18T14:00,0.0,0.0,21.6
2025-12-18T15:00,0.0,0.0,21.5
2025-12-18T16:00,0.0,0.0,20.8
2025-12-18T17:00,0.0,0.0,20.0
2025-12-18T18:00,0.0,0.0,19.7
2025-12-18T19:00,0.0,0.0,19.8
2025-12-18T20:00,0.0,0.0,20.0
2025-12-18T21:00,0.0,0.0,20.1
2025-12-18T22:00,0.0,0.0,19.9
2025-12-18T23:00,0.0,0.0,19.5
2025-12-19T00:00,0.0,0.0,19.3
2025-12-19T01:00,0.0,0.0,18.4
2025-12-19T02:00,0.0,0.0,17.6
2025-12-19T03:00,0.0,0.0,18.1
2025-12-19T04:00,0.0,0.0,17.5
2025-12-19T05:00,0.0,0.0,17.0
2025-12-19T06:00,0.0,0.0,16.3
2025-12-19T07:00,0.0,0.0,17.0
2025-12-19T08:00,0.0,0.0,18.6
2025-12-19T09:00,0.0,0.0,20.2
2025-12-19T10:00,0.0,0.0,22.4
2025-12-19T11:00,0.0,0.0,23.1
2025-12-19T12:00,0.0,0.0,25.1
2025-12-19T13:00,0.0,0.0,24.7
2025-12-19T14:00,0.0,0.0,24.1
2025-12-19T15:00,0.0,0.0,23.4
2025-12-19T16:00,0.0,0.0,22.7
2025-12-19T17:00,0.0,0.0,21.5
2025-12-19T18:00,0.2,0.2,20.1
2025-12-19T19:00,0.1,0.1,19.6
2025-12-19T20:00,0.1,0.1,19.2
2025-12-19T21:00,0.0,0.0,19.4
2025-12-19T22:00,0.0,0.0,19.3
2025-12-19T23:00,0.0,0.0,19.2
2025-12-20T00:00,0.0,0.0,19.0
2025-12-20T01:00,0.0,0.0,18.9
2025-12-20T02:00,0.0,0.0,19.1
2025-12-20T03:00,0.0,0.0,18.9
2025-12-20T04:00,0.0,0.0,18.5
2025-12-20T05:00,0.0,0.0,18.4
2025-12-20T06:00,0.0,0.0,18.4
2025-12-20T07:00,0.0,0.0,18.4
2025-12-20T08:00,0.0,0.0,19.9
2025-12-20T09:00,0.0,0.0,21.4
2025-12-20T10:00,0.0,0.0,22.0
2025-12-20T11:00,0.0,0.0,23.2
2025-12-20T12:00,0.0,0.0,24.0
2025-12-20T13:00,0.0,0.0,24.3
2025-12-20T14:00,0.0,0.0,25.1
2025-12-20T15:00,0.0,0.0,25.4
2025-12-20T16:00,0.0,0.0,25.1
2025-12-20T17:00,0.0,0.0,23.2
2025-12-20T18:00,0.0,0.0,21.4
2025-12-20T19:00,0.0,0.0,19.5
2025-12-20T20:00,0.0,0.0,18.2
2025-12-20T21:00,0.0,0.0,17.8
2025-12-20T22:00,0.0,0.0,17.1
2025-12-20T23:00,0.0,0.0,16.9
2025-12-21T00:00,0.0,0.0,17.1
2025-12-21T01:00,0.0,0.0,17.2
2025-12-21T02:00,0.0,0.0,18.2
2025-12-21T03:00,0.6,0.6,19.0
2025-12-21T04:00,0.0,0.0,18.5
2025-12-21T05:00,0.0,0.0,18.6
2025-12-21T06:00,0.0,0.0,19.2
2025-12-21T07:00,0.1,0.1,19.2
2025-12-21T08:00,0.2,0.2,19.5
2025-12-21T09:00,0.0,0.0,19.9
2025-12-21T10:00,0.0,0.0,20.5
2025-12-21T11:00,0.0,0.0,20.6
2025-12-21T12:00,0.0,0.0,20.4
2025-12-21T13:00,0.0,0.0,20.1
2025-12-21T14:00,0.0,0.0,19.2
2025-12-21T15:00,0.0,0.0,18.6
2025-12-21T16:00,0.0,0.0,18.3
2025-12-21T17:00,0.0,0.0,17.8
2025-12-21T18:00,0.0,0.0,17.5
2025-12-21T19:00,0.0,0.0,17.3
2025-12-21T20:00,0.0,0.0,17.4
2025-12-21T21:00,0.0,0.0,17.3
2025-12-21T22:00,0.0,0.0,17.0
2025-12-21T23:00,0.0,0.0,16.8
2025-12-22T00:00,0.0,0.0,16.9
2025-12-22T01:00,0.0,0.0,16.9
2025-12-22T02:00,0.0,0.0,17.2
2025-12-22T03:00,0.0,0.0,17.4
2025-12-22T04:00,0.0,0.0,17.4
2025-12-22T05:00,0.0,0.0,17.0
2025-12-22T06:00,0.0,0.0,17.4
2025-12-22T07:00,0.0,0.0,17.6
2025-12-22T08:00,0.0,0.0,18.6
2025-12-22T09:00,0.0,0.0,19.6
2025-12-22T10:00,0.0,0.0,19.8
2025-12-22T11:00,0.0,0.0,20.8
2025-12-22T12:00,0.0,0.0,21.7
2025-12-22T13:00,0.0,0.0,21.4
2025-12-22T14:00,0.0,0.0,20.8
2025-12-22T15:00,0.0,0.0,20.2
2025-12-22T16:00,0.0,0.0,19.9
2025-12-22T17:00,0.0,0.0,19.2
2025-12-22T18:00,0.0,0.0,19.0
2025-12-22T19:00,0.0,0.0,19.1
2025-12-22T20:00,0.0,0.0,19.1
2025-12-22T21:00,0.0,0.0,19.0
2025-12-22T22:00,0.0,0.0,19.0
2025-12-22T23:00,0.0,0.0,18.5
2025-12-23T00:00,0.0,0.0,18.4
2025-12-23T01:00,0.0,0.0,18.3
2025-12-23T02:00,0.0,0.0,18.6
2025-12-23T03:00,0.0,0.0,18.2
2025-12-23T04:00,0.0,0.0,17.9
2025-12-23T05:00,0.0,0.0,17.3
2025-12-23T06:00,0.0,0.0,16.9
2025-12-23T07:00,0.0,0.0,16.9
2025-12-23T08:00,0.0,0.0,19.8
2025-12-23T09:00,0.0,0.0,22.1
2025-12-23T10:00,0.0,0.0,23.8
2025-12-23T11:00,0.0,0.0,24.5
2025-12-23T12:00,0.0,0.0,24.9
2025-12-23T13:00,0.0,0.0,25.7
2025-12-23T14:00,0.0,0.0,26.5
2025-12-23T15:00,0.0,0.0,26.2
2025-12-23T16:00,0.0,0.0,25.4
2025-12-23T17:00,0.0,0.0,23.5
2025-12-23T18:00,0.0,0.0,21.1
2025-12-23T19:00,0.0,0.0,19.6
2025-12-23T20:00,0.0,0.0,17.5
2025-12-23T21:00,0.0,0.0,17.3
2025-12-23T22:00,0.0,0.0,16.7
2025-12-23T23:00,0.0,0.0,16.2
2025-12-24T00:00,0.0,0.0,16.0
2025-12-24T01:00,0.0,0.0,15.8
2025-12-24T02:00,0.0,0.0,15.6
2025-12-24T03:00,0.0,0.0,15.9
2025-12-24T04:00,0.0,0.0,15.6
2025-12-24T05:00,0.0,0.0,15.4
2025-12-24T06:00,0.0,0.0,15.6
2025-12-24T07:00,0.0,0.0,16.5
2025-12-24T08:00,0.0,0.0,20.2
2025-12-24T09:00,0.0,0.0,23.1
2025-12-24T10:00,0.0,0.0,24.6
2025-12-24T11:00,0.0,0.0,24.9
2025-12-24T12:00,0.0,0.0,25.0
2025-12-24T13:00,0.0,0.0,24.7
2025-12-24T14:00,0.0,0.0,24.3
2025-12-24T15:00,0.0,0.0,23.7
2025-12-24T16:00,0.0,0.0,22.9
2025-12-24T17:00,0.0,0.0,21.5
2025-12-24T18:00,0.0,0.0,20.7
2025-12-24T19:00,0.0,0.0,20.5
2025-12-24T20:00,0.0,0.0,20.4
2025-12-24T21:00,0.0,0.0,20.2
2025-12-24T22:00,0.0,0.0,19.9
2025-12-24T23:00,0.0,0.0,19.6
2025-12-25T00:00,0.0,0.0,19.3
2025-12-25T01:00,0.0,0.0,19.0
2025-12-25T02:00,0.0,0.0,19.2
2025-12-25T03:00,0.0,0.0,19.0
2025-12-25T04:00,0.0,0.0,18.5
2025-12-25T05:00,0.7,0.7,18.2
2025-12-25T06:00,0.6,0.6,17.2
2025-12-25T07:00,0.8,0.8,16.4
2025-12-25T08:00,0.9,0.9,16.0
2025-12-25T09:00,0.7,0.7,15.9
2025-12-25T10:00,0.4,0.4,15.9
2025-12-25T11:00,0.6,0.6,15.9
2025-12-25T12:00,0.2,0.2,15.4
2025-12-25T13:00,0.5,0.5,15.8
2025-12-25T14:00,0.6,0.6,14.7
2025-12-25T15:00,0.1,0.1,14.5
2025-12-25T16:00,0.1,0.1,14.1
2025-12-25T17:00,0.1,0.1,13.8
2025-12-25T18:00,0.4,0.4,13.6
2025-12-25T19:00,1.0,1.0,13.1
2025-12-25T20:00,0.4,0.4,13.2
2025-12-25T21:00,0.5,0.5,12.9
2025-12-25T22:00,0.3,0.3,12.8
2025-12-25T23:00,0.9,0.9,12.8
2025-12-26T00:00,0.8,0.8,12.4
2025-12-26T01:00,0.1,0.1,12.7
2025-12-26T02:00,0.1,0.1,12.5
2025-12-26T03:00,0.0,0.0,12.6
2025-12-26T04:00,0.0,0.0,12.5
2025-12-26T05:00,0.0,0.0,12.4
2025-12-26T06:00,0.0,0.0,12.9
2025-12-26T07:00,0.0,0.0,12.9
2025-12-26T08:00,0.1,0.1,13.6
2025-12-26T09:00,0.0,0.0,14.1
2025-12-26T10:00,0.0,0.0,14.7
2025-12-26T11:00,0.0,0.0,15.4
2025-12-26T12:00,0.1,0.1,14.6
2025-12-26T13:00,0.0,0.0,15.0
2025-12-26T14:00,0.3,0.3,15.1
2025-12-26T15:00,0.6,0.6,14.4
2025-12-26T16:00,0.0,0.0,14.4
2025-12-26T17:00,0.0,0.0,14.2
2025-12-26T18:00,0.0,0.0,14.2
2025-12-26T19:00,0.0,0.0,14.4
2025-12-26T20:00,0.0,0.0,14.4
2025-12-26T21:00,0.0,0.0,14.3
2025-12-26T22:00,0.0,0.0,14.4
2025-12-26T23:00,0.0,0.0,14.5
2025-12-27T00:00,0.0,0.0,14.4
2025-12-27T01:00,0.0,0.0,14.5
2025-12-27T02:00,0.0,0.0,14.4
2025-12-27T03:00,0.1,0.1,14.6
2025-12-27T04:00,0.2,0.2,14.6
2025-12-27T05:00,0.2,0.2,14.4
2025-12-27T06:00,0.2,0.2,14.6
2025-12-27T07:00,0.5,0.5,14.1
2025-12-27T08:00,0.5,0.5,14.6
2025-12-27T09:00,0.5,0.5,15.2
2025-12-27T10:00,0.3,0.3,15.8
2025-12-27T11:00,0.0,0.0,17.0
2025-12-27T12:00,0.0,0.0,17.9
2025-12-27T13:00,0.0,0.0,19.1
2025-12-27T14:00,0.0,0.0,18.4
2025-12-27T15:00,0.2,0.2,17.4
2025-12-27T16:00,0.4,0.4,16.5
2025-12-27T17:00,0.2,0.2,15.9
2025-12-27T18:00,0.0,0.0,15.6
2025-12-27T19:00,0.0,0.0,15.5
2025-12-27T20:00,0.0,0.0,15.5
2025-12-27T21:00,0.1,0.1,15.6
2025-12-27T22:00,0.1,0.1,15.6
2025-12-27T23:00,0.0,0.0,15.4
2025-12-28T00:00,0.0,0.0,15.4
2025-12-28T01:00,0.0,0.0,15.6
2025-12-28T02:00,0.0,0.0,15.6
2025-12-28T03:00,0.0,0.0,15.9
2025-12-28T04:00,0.0,0.0,16.1
2025-12-28T05:00,0.0,0.0,16.1
2025-12-28T06:00,0.0,0.0,16.2
2025-12-28T07:00,0.0,0.0,16.5
2025-12-28T08:00,0.0,0.0,17.5
2025-12-28T09:00,0.0,0.0,18.6
2025-12-28T10:00,0.0,0.0,19.2
2025-12-28T11:00,0.1,0.1,19.1
2025-12-28T12:00,0.0,0.0,18.4
2025-12-28T13:00,0.1,0.1,18.4
2025-12-28T14:00,0.0,0.0,18.1
2025-12-28T15:00,0.1,0.1,18.0
2025-12-28T16:00,0.0,0.0,17.6
2025-12-28T17:00,0.0,0.0,17.1
2025-12-28T18:00,0.0,0.0,16.9
2025-12-28T19:00,0.0,0.0,16.7
2025-12-28T20:00,0.0,0.0,16.6
2025-12-28T21:00,0.0,0.0,16.5
2025-12-28T22:00,0.0,0.0,16.6
2025-12-28T23:00,0.0,0.0,16.6
2025-12-29T00:00,0.0,0.0,16.4
2025-12-29T01:00,0.0,0.0,16.5
2025-12-29T02:00,0.0,0.0,16.9
2025-12-29T03:00,0.0,0.0,17.2
2025-12-29T04:00,0.0,0.0,17.1
2025-12-29T05:00,0.0,0.0,17.4
2025-12-29T06:00,0.0,0.0,17.4
2025-12-29T07:00,0.0,0.0,17.6
2025-12-29T08:00,0.0,0.0,18.5
2025-12-29T09:00,0.0,0.0,19.5
2025-12-29T10:00,0.0,0.0,20.1
2025-12-29T11:00,0.0,0.0,22.0
2025-12-29T12:00,0.0,0.0,23.1
2025-12-29T13:00,0.0,0.0,23.1
2025-12-29T14:00,0.0,0.0,22.8
2025-12-29T15:00,0.0,0.0,21.9
2025-12-29T16:00,0.0,0.0,21.5
2025-12-29T17:00,0.0,0.0,20.5
2025-12-29T18:00,0.0,0.0,19.5
2025-12-29T19:00,0.0,0.0,18.8
2025-12-29T20:00,0.0,0.0,18.9
2025-12-29T21:00,0.0,0.0,19.0
2025-12-29T22:00,0.0,0.0,18.1
2025-12-29T23:00,0.0,0.0,17.6
2025-12-30T00:00,0.0,0.0,17.3
2025-12-30T01:00,0.0,0.0,17.0
2025-12-30T02:00,0.0,0.0,15.7
2025-12-30T03:00,0.0,0.0,15.2
2025-12-30T04:00,0.0,0.0,14.9
2025-12-30T05:00,0.0,0.0,15.2
2025-12-30T06:00,0.0,0.0,16.4
2025-12-30T07:00,0.0,0.0,16.9
2025-12-30T08:00,0.0,0.0,17.4
2025-12-30T09:00,0.0,0.0,18.5
2025-12-30T10:00,0.0,0.0,19.2
2025-12-30T11:00,0.0,0.0,20.0
2025-12-30T12:00,0.1,0.1,20.4
2025-12-30T13:00,0.2,0.2,19.6
2025-12-30T14:00,0.3,0.3,19.5
2025-12-30T15:00,0.2,0.2,19.2
2025-12-30T16:00,0.1,0.1,18.9
2025-12-30T17:00,0.1,0.1,18.2
2025-12-30T18:00,0.1,0.1,17.8
2025-12-30T19:00,0.1,0.1,17.7
2025-12-30T20:00,0.0,0.0,17.8
2025-12-30T21:00,0.1,0.1,17.8
2025-12-30T22:00,0.0,0.0,17.8
2025-12-30T23:00,0.0,0.0,17.6
2025-12-31T00:00,0.1,0.1,17.5
2025-12-31T01:00,0.1,0.1,17.4
2025-12-31T02:00,0.1,0.1,17.2
2025-12-31T03:00,0.0,0.0,17.5
2025-12-31T04:00,0.0,0.0,17.4
2025-12-31T05:00,0.1,0.1,17.5
2025-12-31T06:00,0.1,0.1,17.6
2025-12-31T07:00,0.3,0.3,17.5
2025-12-31T08:00,0.4,0.4,17.6
2025-12-31T09:00,0.8,0.8,17.5
2025-12-31T10:00,0.9,0.9,17.6
2025-12-31T11:00,0.4,0.4,18.2
2025-12-31T12:00,0.9,0.9,18.4
2025-12-31T13:00,1.7,1.7,18.1
2025-12-31T14:00,0.7,0.7,17.8
2025-12-31T15:00,0.1,0.1,18.4
2025-12-31T16:00,0.8,0.8,17.7
2025-12-31T17:00,0.6,0.6,17.1
2025-12-31T18:00,0.5,0.5,17.0
2025-12-31T19:00,0.4,0.4,16.8
2025-12-31T20:00,0.2,0.2,17.2
2025-12-31T21:00,0.5,0.5,16.9
2025-12-31T22:00,0.5,0.5,16.9
2025-12-31T23:00,0.2,0.2,16.8
2026-01-01T00:00,0.1,0.1,16.6
2026-01-01T01:00,0.1,0.1,16.5
2026-01-01T02:00,0.1,0.1,16.1
2026-01-01T03:00,0.2,0.2,15.9
2026-01-01T04:00,0.1,0.1,15.8
2026-01-01T05:00,0.1,0.1,15.8
2026-01-01T06:00,0.1,0.1,15.6
2026-01-01T07:00,0.0,0.0,15.6
2026-01-01T08:00,0.0,0.0,15.9
2026-01-01T09:00,0.1,0.1,16.6
2026-01-01T10:00,0.1,0.1,16.5
2026-01-01T11:00,0.0,0.0,16.5
2026-01-01T12:00,0.0,0.0,16.6
2026-01-01T13:00,0.1,0.1,17.0
2026-01-01T14:00,0.1,0.1,16.5
2026-01-01T15:00,0.1,0.1,16.0
2026-01-01T16:00,0.1,0.1,15.9
2026-01-01T17:00,0.0,0.0,15.4
2026-01-01T18:00,0.3,0.3,14.9
2026-01-01T19:00,0.2,0.2,14.6
2026-01-01T20:00,0.3,0.3,14.6
2026-01-01T21:00,0.4,0.4,14.3
2026-01-01T22:00,0.3,0.3,14.1
2026-01-01T23:00,0.4,0.4,13.8
2026-01-02T00:00,0.4,0.4,13.4
2026-01-02T01:00,0.3,0.3,13.4
2026-01-02T02:00,0.1,0.1,13.3
2026-01-02T03:00,0.1,0.1,13.2
2026-01-02T04:00,0.0,0.0,13.1
2026-01-02T05:00,0.2,0.2,12.8
2026-01-02T06:00,0.4,0.4,12.1
2026-01-02T07:00,0.4,0.4,11.8
2026-01-02T08:00,0.4,0.4,11.9
2026-01-02T09:00,0.3,0.3,12.0
2026-01-02T10:00,0.2,0.2,12.1
2026-01-02T11:00,0.3,0.3,11.9
2026-01-02T12:00,0.2,0.2,11.9
2026-01-02T13:00,0.1,0.1,12.1
2026-01-02T14:00,0.1,0.1,11.9
2026-01-02T15:00,0.1,0.1,11.6
2026-01-02T16:00,0.0,0.0,11.4
2026-01-02T17:00,0.0,0.0,11.1
2026-01-02T18:00,0.0,0.0,10.8
2026-01-02T19:00,0.0,0.0,11.0
2026-01-02T20:00,0.0,0.0,11.5
2026-01-02T21:00,0.0,0.0,11.5
2026-01-02T22:00,0.0,0.0,11.1
2026-01-02T23:00,0.0,0.0,11.0
2026-01-03T00:00,0.0,0.0,11.1
2026-01-03T01:00,0.0,0.0,11.2
2026-01-03T02:00,0.0,0.0,10.9
2026-01-03T03:00,0.0,0.0,11.3
2026-01-03T04:00,0.0,0.0,11.4
2026-01-03T05:00,0.0,0.0,11.1
2026-01-03T06:00,0.0,0.0,11.1
2026-01-03T07:00,0.0,0.0,11.6
2026-01-03T08:00,0.0,0.0,12.9
2026-01-03T09:00,0.0,0.0,14.4
2026-01-03T10:00,0.0,0.0,15.2
2026-01-03T11:00,0.0,0.0,15.6
2026-01-03T12:00,0.0,0.0,15.7
2026-01-03T13:00,0.0,0.0,15.9
2026-01-03T14:00,0.0,0.0,16.8
2026-01-03T15:00,0.0,0.0,16.5
2026-01-03T16:00,0.0,0.0,15.4
2026-01-03T17:00,0.0,0.0,14.8
2026-01-03T18:00,0.0,0.0,13.9
2026-01-03T19:00,0.0,0.0,13.6
2026-01-03T20:00,0.0,0.0,13.7
2026-01-03T21:00,0.0,0.0,13.9
2026-01-03T22:00,0.0,0.0,14.1
2026-01-03T23:00,0.0,0.0,13.9
2026-01-04T00:00,0.0,0.0,13.5
2026-01-04T01:00,0.0,0.0,13.1
2026-01-04T02:00,0.0,0.0,12.1
2026-01-04T03:00,0.0,0.0,12.1
2026-01-04T04:00,0.0,0.0,11.8
2026-01-04T05:00,0.0,0.0,11.4
2026-01-04T06:00,0.0,0.0,10.9
2026-01-04T07:00,0.0,0.0,10.8
2026-01-04T08:00,0.0,0.0,13.7
2026-01-04T09:00,0.0,0.0,17.6
2026-01-04T10:00,0.0,0.0,20.0
2026-01-04T11:00,0.0,0.0,21.0
2026-01-04T12:00,0.0,0.0,21.7
2026-01-04T13:00,0.0,0.0,21.9
2026-01-04T14:00,0.0,0.0,21.9
2026-01-04T15:00,0.0,0.0,22.0
2026-01-04T16:00,0.0,0.0,21.2
2026-01-04T17:00,0.0,0.0,19.0
2026-01-04T18:00,0.0,0.0,16.3
2026-01-04T19:00,0.0,0.0,14.4
2026-01-04T20:00,0.0,0.0,13.1
2026-01-04T21:00,0.0,0.0,12.8
2026-01-04T22:00,0.0,0.0,12.2
2026-01-04T23:00,0.0,0.0,11.6
2026-01-05T00:00,0.0,0.0,11.1
2026-01-05T01:00,0.0,0.0,10.6
2026-01-05T02:00,0.0,0.0,10.2
2026-01-05T03:00,0.0,0.0,10.3
2026-01-05T04:00,0.0,0.0,10.3
2026-01-05T05:00,0.0,0.0,10.4
2026-01-05T06:00,0.0,0.0,10.9
2026-01-05T07:00,0.0,0.0,11.5
2026-01-05T08:00,0.0,0.0,14.3
2026-01-05T09:00,0.0,0.0,17.1
2026-01-05T10:00,0.0,0.0,19.0
2026-01-05T11:00,0.2,0.2,19.3
2026-01-05T12:00,0.5,0.5,18.7
2026-01-05T13:00,0.8,0.8,19.4
2026-01-05T14:00,1.4,1.4,19.0
2026-01-05T15:00,0.1,0.1,18.6
2026-01-05T16:00,0.1,0.1,17.8
2026-01-05T17:00,0.3,0.3,16.4
2026-01-05T18:00,0.3,0.3,15.4
2026-01-05T19:00,0.1,0.1,14.9
2026-01-05T20:00,0.0,0.0,14.9
2026-01-05T21:00,0.3,0.3,14.8
2026-01-05T22:00,0.3,0.3,14.4
2026-01-05T23:00,0.1,0.1,14.1
2026-01-06T00:00,0.1,0.1,13.8
2026-01-06T01:00,0.2,0.2,13.4
2026-01-06T02:00,0.1,0.1,13.2
2026-01-06T03:00,0.0,0.0,13.2
2026-01-06T04:00,0.2,0.2,12.9
2026-01-06T05:00,0.2,0.2,12.6
2026-01-06T06:00,0.0,0.0,12.4
2026-01-06T07:00,0.0,0.0,12.5
2026-01-06T08:00,0.0,0.0,12.9
2026-01-06T09:00,0.0,0.0,13.6
2026-01-06T10:00,0.0,0.0,14.8
2026-01-06T11:00,0.1,0.1,15.3
2026-01-06T12:00,0.1,0.1,15.5
2026-01-06T13:00,0.1,0.1,15.1
2026-01-06T14:00,0.0,0.0,14.4
2026-01-06T15:00,0.1,0.1,13.9
2026-01-06T16:00,0.0,0.0,13.6
2026-01-06T17:00,0.0,0.0,13.1
2026-01-06T18:00,0.1,0.1,12.6
2026-01-06T19:00,0.1,0.1,12.2
2026-01-06T20:00,0.1,0.1,12.1
2026-01-06T21:00,0.1,0.1,11.9
2026-01-06T22:00,0.0,0.0,11.9
2026-01-06T23:00,0.0,0.0,11.9
2026-01-07T00:00,0.0,0.0,11.8
2026-01-07T01:00,0.0,0.0,11.9
2026-01-07T02:00,0.0,0.0,11.7
2026-01-07T03:00,0.0,0.0,11.4
2026-01-07T04:00,0.0,0.0,11.3
2026-01-07T05:00,0.0,0.0,11.3
2026-01-07T06:00,0.0,0.0,11.1
2026-01-07T07:00,0.0,0.0,11.3
2026-01-07T08:00,0.0,0.0,12.1
2026-01-07T09:00,0.0,0.0,12.9
2026-01-07T10:00,0.0,0.0,13.2
2026-01-07T11:00,0.0,0.0,13.1
2026-01-07T12:00,0.0,0.0,12.8
2026-01-07T13:00,0.0,0.0,13.4
2026-01-07T14:00,0.0,0.0,13.1
2026-01-07T15:00,0.0,0.0,12.9
2026-01-07T16:00,0.0,0.0,12.7
2026-01-07T17:00,0.0,0.0,12.4
2026-01-07T18:00,0.0,0.0,11.9
2026-01-07T19:00,0.0,0.0,11.7
2026-01-07T20:00,0.0,0.0,12.4
2026-01-07T21:00,0.0,0.0,12.8
2026-01-07T22:00,0.0,0.0,12.8
2026-01-07T23:00,0.0,0.0,12.9
2026-01-08T00:00,0.0,0.0,13.1
2026-01-08T01:00,0.0,0.0,13.0
2026-01-08T02:00,0.0,0.0,12.9
2026-01-08T03:00,0.0,0.0,12.7
2026-01-08T04:00,0.0,0.0,12.8
2026-01-08T05:00,0.0,0.0,13.1
2026-01-08T06:00,0.0,0.0,12.6
2026-01-08T07:00,0.0,0.0,12.3
2026-01-08T08:00,0.0,0.0,13.7
2026-01-08T09:00,0.0,0.0,14.0
2026-01-08T10:00,0.0,0.0,14.2
2026-01-08T11:00,0.0,0.0,15.1
2026-01-08T12:00,0.0,0.0,15.4
2026-01-08T13:00,0.0,0.0,14.9
2026-01-08T14:00,0.0,0.0,14.4
2026-01-08T15:00,0.0,0.0,14.4
2026-01-08T16:00,0.0,0.0,13.9
2026-01-08T17:00,0.0,0.0,12.9
2026-01-08T18:00,0.0,0.0,11.4
2026-01-08T19:00,0.0,0.0,10.1
2026-01-08T20:00,0.0,0.0,9.4
2026-01-08T21:00,0.0,0.0,9.4
2026-01-08T22:00,0.0,0.0,9.5
2026-01-08T23:00,0.0,0.0,9.4
2026-01-09T00:00,0.0,0.0,9.4
2026-01-09T01:00,0.0,0.0,9.2
2026-01-09T02:00,0.0,0.0,9.0
2026-01-09T03:00,0.0,0.0,8.7
2026-01-09T04:00,0.0,0.0,8.3
2026-01-09T05:00,0.0,0.0,7.8
2026-01-09T06:00,0.0,0.0,7.7
2026-01-09T07:00,0.0,0.0,7.7
2026-01-09T08:00,0.0,0.0,10.8
2026-01-09T09:00,0.0,0.0,13.6
2026-01-09T10:00,0.0,0.0,15.5
2026-01-09T11:00,0.0,0.0,16.6
2026-01-09T12:00,0.0,0.0,17.5
2026-01-09T13:00,0.0,0.0,17.5
2026-01-09T14:00,0.0,0.0,17.6
2026-01-09T15:00,0.0,0.0,17.5
2026-01-09T16:00,0.0,0.0,16.6
2026-01-09T17:00,0.0,0.0,14.6
2026-01-09T18:00,0.0,0.0,12.4
2026-01-09T19:00,0.0,0.0,11.1
2026-01-09T20:00,0.0,0.0,10.6
2026-01-09T21:00,0.0,0.0,10.0
2026-01-09T22:00,0.0,0.0,9.4
2026-01-09T23:00,0.0,0.0,8.8
2026-01-10T00:00,0.0,0.0,8.5
2026-01-10T01:00,0.0,0.0,8.1
2026-01-10T02:00,0.0,0.0,7.8
2026-01-10T03:00,0.0,0.0,8.3
2026-01-10T04:00,0.0,0.0,8.1
2026-01-10T05:00,0.0,0.0,8.6
2026-01-10T06:00,0.0,0.0,8.9
2026-01-10T07:00,0.0,0.0,8.9
2026-01-10T08:00,0.0,0.0,11.8
2026-01-10T09:00,0.0,0.0,15.7
2026-01-10T10:00,0.0,0.0,18.6
2026-01-10T11:00,0.0,0.0,19.9
2026-01-10T12:00,0.0,0.0,21.0
2026-01-10T13:00,0.0,0.0,20.8
2026-01-10T14:00,0.0,0.0,19.5
2026-01-10T15:00,0.0,0.0,18.6
2026-01-10T16:00,0.0,0.0,17.2
2026-01-10T17:00,0.0,0.0,16.2
2026-01-10T18:00,0.0,0.0,15.4
2026-01-10T19:00,0.0,0.0,15.1
2026-01-10T20:00,0.0,0.0,15.2
2026-01-10T21:00,0.0,0.0,15.2
2026-01-10T22:00,0.0,0.0,15.2
2026-01-10T23:00,0.0,0.0,15.1
2026-01-11T00:00,0.0,0.0,15.1
2026-01-11T01:00,0.0,0.0,14.8
2026-01-11T02:00,0.0,0.0,14.4
2026-01-11T03:00,0.0,0.0,14.0
2026-01-11T04:00,0.0,0.0,12.8
2026-01-11T05:00,0.0,0.0,12.1
2026-01-11T06:00,0.0,0.0,11.9
2026-01-11T07:00,0.0,0.0,12.1
2026-01-11T08:00,0.0,0.0,14.8
2026-01-11T09:00,0.0,0.0,16.5
2026-01-11T10:00,0.0,0.0,17.3
2026-01-11T11:00,0.0,0.0,17.0
2026-01-11T12:00,0.0,0.0,17.6
2026-01-11T13:00,0.0,0.0,17.1
2026-01-11T14:00,0.0,0.0,16.4
2026-01-11T15:00,0.0,0.0,15.4
2026-01-11T16:00,0.0,0.0,14.6
2026-01-11T17:00,0.0,0.0,13.9
2026-01-11T18:00,0.0,0.0,13.2
2026-01-11T19:00,0.0,0.0,12.8
2026-01-11T20:00,0.0,0.0,13.1
2026-01-11T21:00,0.0,0.0,12.8
2026-01-11T22:00,0.0,0.0,13.0
2026-01-11T23:00,0.0,0.0,12.7
2026-01-12T00:00,0.0,0.0,13.1
2026-01-12T01:00,0.0,0.0,12.9
2026-01-12T02:00,0.0,0.0,13.0
2026-01-12T03:00,0.0,0.0,13.1
2026-01-12T04:00,0.0,0.0,13.2
2026-01-12T05:00,0.0,0.0,13.0
2026-01-12T06:00,0.0,0.0,12.8
2026-01-12T07:00,0.0,0.0,12.5
2026-01-12T08:00,0.0,0.0,14.6
2026-01-12T09:00,0.0,0.0,16.6
2026-01-12T10:00,0.0,0.0,17.2
2026-01-12T11:00,0.0,0.0,18.7
2026-01-12T12:00,0.0,0.0,18.9
2026-01-12T13:00,0.3,0.3,18.1
2026-01-12T14:00,0.2,0.2,17.5
2026-01-12T15:00,0.2,0.2,16.8
2026-01-12T16:00,0.0,0.0,17.0
2026-01-12T17:00,0.0,0.0,16.2
2026-01-12T18:00,0.0,0.0,15.9
2026-01-12T19:00,0.0,0.0,16.1
2026-01-12T20:00,0.0,0.0,16.1
2026-01-12T21:00,0.0,0.0,15.4
2026-01-12T22:00,0.0,0.0,15.6
2026-01-12T23:00,0.0,0.0,15.2
2026-01-13T00:00,0.0,0.0,14.6
2026-01-13T01:00,0.0,0.0,14.1
2026-01-13T02:00,0.0,0.0,12.5
2026-01-13T03:00,0.0,0.0,12.2
2026-01-13T04:00,0.0,0.0,11.5
2026-01-13T05:00,0.0,0.0,10.8
2026-01-13T06:00,0.0,0.0,10.8
2026-01-13T07:00,0.0,0.0,11.1
2026-01-13T08:00,0.0,0.0,13.3
2026-01-13T09:00,0.0,0.0,16.2
2026-01-13T10:00,0.0,0.0,18.4
2026-01-13T11:00,0.0,0.0,19.8
2026-01-13T12:00,0.0,0.0,20.5
2026-01-13T13:00,0.0,0.0,20.6
2026-01-13T14:00,0.0,0.0,20.5
2026-01-13T15:00,0.0,0.0,20.4
2026-01-13T16:00,0.0,0.0,19.4
2026-01-13T17:00,0.0,0.0,17.2
2026-01-13T18:00,0.0,0.0,15.1
2026-01-13T19:00,0.0,0.0,14.1
2026-01-13T20:00,0.0,0.0,13.4
2026-01-13T21:00,0.0,0.0,12.9
2026-01-13T22:00,0.0,0.0,12.7
2026-01-13T23:00,0.0,0.0,12.5
2026-01-14T00:00,0.0,0.0,12.4
2026-01-14T01:00,0.0,0.0,12.3
2026-01-14T02:00,0.0,0.0,12.6
2026-01-14T03:00,0.0,0.0,13.0
2026-01-14T04:00,0.0,0.0,12.9
2026-01-14T05:00,0.0,0.0,12.8
2026-01-14T06:00,0.0,0.0,12.8
2026-01-14T07:00,0.0,0.0,13.0
2026-01-14T08:00,0.0,0.0,15.8
2026-01-14T09:00,0.0,0.0,19.4
2026-01-14T10:00,0.0,0.0,20.9
2026-01-14T11:00,0.0,0.0,22.1
2026-01-14T12:00,0.0,0.0,22.8
2026-01-14T13:00,0.0,0.0,23.0
2026-01-14T14:00,0.0,0.0,23.1
2026-01-14T15:00,0.0,0.0,22.5
2026-01-14T16:00,0.0,0.0,21.5
2026-01-14T17:00,0.0,0.0,19.6
2026-01-14T18:00,0.0,0.0,17.8
2026-01-14T19:00,0.0,0.0,16.9
2026-01-14T20:00,0.0,0.0,15.9
2026-01-14T21:00,0.0,0.0,16.0
2026-01-14T22:00,0.0,0.0,15.9
2026-01-14T23:00,0.0,0.0,15.6
2026-01-15T00:00,0.0,0.0,15.3
2026-01-15T01:00,0.0,0.0,14.4
2026-01-15T02:00,0.0,0.0,13.6
2026-01-15T03:00,0.0,0.0,13.5
2026-01-15T04:00,0.0,0.0,13.1
2026-01-15T05:00,0.0,0.0,12.1
2026-01-15T06:00,0.0,0.0,11.4
2026-01-15T07:00,0.0,0.0,11.1
2026-01-15T08:00,0.0,0.0,14.8
2026-01-15T09:00,0.0,0.0,18.3
2026-01-15T10:00,0.0,0.0,20.3
2026-01-15T11:00,0.0,0.0,21.8
2026-01-15T12:00,0.0,0.0,22.8
2026-01-15T13:00,0.0,0.0,23.3
2026-01-15T14:00,0.0,0.0,23.7
2026-01-15T15:00,0.0,0.0,24.0
2026-01-15T16:00,0.0,0.0,22.7
2026-01-15T17:00,0.0,0.0,20.2
2026-01-15T18:00,0.0,0.0,18.9
2026-01-15T19:00,0.0,0.0,18.5
2026-01-15T20:00,0.0,0.0,17.6
2026-01-15T21:00,0.0,0.0,17.0
2026-01-15T22:00,0.0,0.0,15.9
2026-01-15T23:00,0.0,0.0,15.6
2026-01-16T00:00,0.0,0.0,14.9
2026-01-16T01:00,0.0,0.0,14.9
2026-01-16T02:00,0.0,0.0,14.1
2026-01-16T03:00,0.0,0.0,14.5
2026-01-16T04:00,0.0,0.0,14.8
2026-01-16T05:00,0.0,0.0,15.1
2026-01-16T06:00,0.0,0.0,15.4
2026-01-16T07:00,0.0,0.0,15.6
2026-01-16T08:00,0.0,0.0,17.4
2026-01-16T09:00,0.0,0.0,18.8
2026-01-16T10:00,0.0,0.0,19.9
2026-01-16T11:00,0.0,0.0,21.2
2026-01-16T12:00,0.0,0.0,21.5
2026-01-16T13:00,0.0,0.0,21.8
2026-01-16T14:00,0.0,0.0,21.6
2026-01-16T15:00,0.1,0.1,21.0
2026-01-16T16:00,0.0,0.0,21.1
2026-01-16T17:00,0.1,0.1,20.1
2026-01-16T18:00,0.0,0.0,19.5
2026-01-16T19:00,0.0,0.0,19.2
2026-01-16T20:00,0.0,0.0,18.5
2026-01-16T21:00,0.0,0.0,18.4
2026-01-16T22:00,0.0,0.0,18.2
2026-01-16T23:00,0.0,0.0,18.0
2026-01-17T00:00,0.3,0.3,17.6
2026-01-17T01:00,0.2,0.2,17.5
2026-01-17T02:00,0.0,0.0,17.5
2026-01-17T03:00,0.0,0.0,16.3
2026-01-17T04:00,0.0,0.0,15.3
2026-01-17T05:00,0.0,0.0,14.6
2026-01-17T06:00,0.0,0.0,13.9
2026-01-17T07:00,0.0,0.0,13.6
2026-01-17T08:00,0.0,0.0,17.1
2026-01-17T09:00,0.0,0.0,19.8
2026-01-17T10:00,0.0,0.0,21.8
2026-01-17T11:00,0.0,0.0,23.5
2026-01-17T12:00,0.0,0.0,24.3
2026-01-17T13:00,0.0,0.0,24.3
2026-01-17T14:00,0.0,0.0,23.6
2026-01-17T15:00,0.0,0.0,22.4
2026-01-17T16:00,0.0,0.0,20.8
2026-01-17T17:00,0.0,0.0,18.9
2026-01-17T18:00,0.0,0.0,17.6
2026-01-17T19:00,0.0,0.0,16.9
2026-01-17T20:00,0.0,0.0,16.0
2026-01-17T21:00,0.0,0.0,15.6
2026-01-17T22:00,0.0,0.0,15.4
2026-01-17T23:00,0.0,0.0,14.8
2026-01-18T00:00,0.0,0.0,14.1
2026-01-18T01:00,0.0,0.0,14.6
2026-01-18T02:00,0.0,0.0,15.4
2026-01-18T03:00,0.0,0.0,15.4
2026-01-18T04:00,0.0,0.0,15.1
2026-01-18T05:00,0.0,0.0,15.6
2026-01-18T06:00,0.0,0.0,16.1
2026-01-18T07:00,0.0,0.0,16.4
2026-01-18T08:00,0.0,0.0,17.4
2026-01-18T09:00,0.0,0.0,18.7
2026-01-18T10:00,0.0,0.0,20.8
2026-01-18T11:00,0.0,0.0,22.2
2026-01-18T12:00,0.0,0.0,22.6
2026-01-18T13:00,0.0,0.0,23.4
2026-01-18T14:00,0.0,0.0,21.8
2026-01-18T15:00,0.0,0.0,21.5
2026-01-18T16:00,0.0,0.0,21.1
2026-01-18T17:00,0.0,0.0,20.0
2026-01-18T18:00,0.0,0.0,18.9
2026-01-18T19:00,0.0,0.0,18.1
2026-01-18T20:00,0.0,0.0,18.0
2026-01-18T21:00,0.0,0.0,17.7
2026-01-18T22:00,0.0,0.0,17.5
2026-01-18T23:00,0.0,0.0,17.1
2026-01-19T00:00,0.0,0.0,17.1
2026-01-19T01:00,0.0,0.0,17.0
2026-01-19T02:00,0.0,0.0,17.1
2026-01-19T03:00,0.0,0.0,16.9
2026-01-19T04:00,0.0,0.0,16.2
2026-01-19T05:00,0.0,0.0,16.3
2026-01-19T06:00,0.0,0.0,16.1
2026-01-19T07:00,0.0,0.0,15.9
2026-01-19T08:00,0.0,0.0,17.6
2026-01-19T09:00,0.0,0.0,19.7
2026-01-19T10:00,0.1,0.1,21.2
2026-01-19T11:00,0.0,0.0,22.5
2026-01-19T12:00,0.0,0.0,22.7
2026-01-19T13:00,0.3,0.3,22.1
2026-01-19T14:00,0.1,0.1,21.6
2026-01-19T15:00,0.4,0.4,20.5
2026-01-19T16:00,1.3,1.3,19.0
2026-01-19T17:00,0.6,0.6,18.0
2026-01-19T18:00,0.3,0.3,17.3
2026-01-19T19:00,0.2,0.2,17.0
2026-01-19T20:00,0.2,0.2,17.0
2026-01-19T21:00,0.1,0.1,17.0
2026-01-19T22:00,0.1,0.1,16.9
2026-01-19T23:00,0.6,0.6,16.8
2026-01-20T00:00,0.6,0.6,16.3
2026-01-20T01:00,0.4,0.4,16.1
2026-01-20T02:00,0.6,0.6,16.1
2026-01-20T03:00,0.7,0.7,15.9
2026-01-20T04:00,0.5,0.5,15.1
2026-01-20T05:00,1.0,1.0,14.5
2026-01-20T06:00,0.7,0.7,14.1
2026-01-20T07:00,0.2,0.2,14.2
2026-01-20T08:00,0.1,0.1,14.6
2026-01-20T09:00,0.0,0.0,15.3
2026-01-20T10:00,0.0,0.0,15.9
2026-01-20T11:00,0.0,0.0,15.5
2026-01-20T12:00,0.0,0.0,16.0
2026-01-20T13:00,0.0,0.0,16.3
2026-01-20T14:00,0.0,0.0,15.9
2026-01-20T15:00,0.0,0.0,15.4
2026-01-20T16:00,0.0,0.0,14.8
2026-01-20T17:00,0.0,0.0,13.9
2026-01-20T18:00,0.0,0.0,13.4
2026-01-20T19:00,0.0,0.0,13.1
2026-01-20T20:00,0.0,0.0,13.8
2026-01-20T21:00,0.1,0.1,13.4
2026-01-20T22:00,0.1,0.1,13.1
2026-01-20T23:00,0.1,0.1,12.9
2026-01-21T00:00,0.1,0.1,12.8
2026-01-21T01:00,0.0,0.0,12.6
2026-01-21T02:00,0.1,0.1,12.7
2026-01-21T03:00,0.0,0.0,12.4
2026-01-21T04:00,0.0,0.0,12.3
2026-01-21T05:00,0.0,0.0,11.9
2026-01-21T06:00,0.0,0.0,11.7
2026-01-21T07:00,0.1,0.1,11.6
2026-01-21T08:00,0.4,0.4,12.4
2026-01-21T09:00,0.3,0.3,12.8
2026-01-21T10:00,0.2,0.2,12.8
2026-01-21T11:00,0.0,0.0,13.6
2026-01-21T12:00,0.0,0.0,13.4
2026-01-21T13:00,0.0,0.0,13.4
2026-01-21T14:00,0.0,0.0,13.1
2026-01-21T15:00,0.0,0.0,12.8
2026-01-21T16:00,0.0,0.0,12.6
2026-01-21T17:00,0.0,0.0,12.1
2026-01-21T18:00,0.0,0.0,11.8
2026-01-21T19:00,0.0,0.0,11.6
2026-01-21T20:00,0.1,0.1,11.6
2026-01-21T21:00,0.1,0.1,11.4
2026-01-21T22:00,0.0,0.0,11.4
2026-01-21T23:00,0.1,0.1,11.4
2026-01-22T00:00,0.1,0.1,11.4
2026-01-22T01:00,0.1,0.1,11.4
2026-01-22T02:00,0.4,0.4,11.6
2026-01-22T03:00,0.6,0.6,11.1
2026-01-22T04:00,0.6,0.6,11.0
2026-01-22T05:00,0.2,0.2,11.1
2026-01-22T06:00,0.0,0.0,11.1
2026-01-22T07:00,0.0,0.0,11.2
2026-01-22T08:00,0.0,0.0,11.8
2026-01-22T09:00,0.0,0.0,12.6
2026-01-22T10:00,0.0,0.0,12.8
2026-01-22T11:00,0.1,0.1,12.9
2026-01-22T12:00,0.0,0.0,13.3
2026-01-22T13:00,0.0,0.0,13.6
2026-01-22T14:00,0.0,0.0,12.9
2026-01-22T15:00,0.3,0.3,13.1
2026-01-22T16:00,0.2,0.2,13.0
2026-01-22T17:00,0.0,0.0,12.5
2026-01-22T18:00,0.1,0.1,12.1
2026-01-22T19:00,0.4,0.4,12.1
2026-01-22T20:00,0.3,0.3,12.0
2026-01-22T21:00,0.4,0.4,11.4
2026-01-22T22:00,0.8,0.8,11.3
2026-01-22T23:00,0.4,0.4,11.6
2026-01-23T00:00,0.1,0.1,11.8
2026-01-23T01:00,0.1,0.1,11.6
2026-01-23T02:00,0.4,0.4,12.0
2026-01-23T03:00,0.5,0.5,11.9
2026-01-23T04:00,0.2,0.2,12.0
2026-01-23T05:00,0.1,0.1,12.1
2026-01-23T06:00,0.0,0.0,12.3
2026-01-23T07:00,0.0,0.0,12.5
2026-01-23T08:00,0.0,0.0,13.4
2026-01-23T09:00,0.0,0.0,14.7
2026-01-23T10:00,0.0,0.0,15.9
2026-01-23T11:00,0.0,0.0,17.5
2026-01-23T12:00,0.0,0.0,17.6
2026-01-23T13:00,0.0,0.0,17.9
2026-01-23T14:00,0.0,0.0,18.4
2026-01-23T15:00,0.0,0.0,18.4
2026-01-23T16:00,0.0,0.0,17.3
2026-01-23T17:00,0.1,0.1,16.2
2026-01-23T18:00,0.2,0.2,15.7
2026-01-23T19:00,0.2,0.2,15.3
2026-01-23T20:00,0.1,0.1,15.4
2026-01-23T21:00,0.3,0.3,15.2
2026-01-23T22:00,0.6,0.6,14.7
2026-01-23T23:00,0.5,0.5,14.8
2026-01-24T00:00,0.4,0.4,15.0
2026-01-24T01:00,0.3,0.3,14.9
2026-01-24T02:00,0.1,0.1,15.0
2026-01-24T03:00,2.0,2.0,14.6
2026-01-24T04:00,2.3,2.3,14.9
2026-01-24T05:00,2.9,2.9,14.9
2026-01-24T06:00,3.7,3.7,14.9
2026-01-24T07:00,3.1,3.1,15.2
2026-01-24T08:00,1.0,1.0,15.9
2026-01-24T09:00,0.0,0.0,16.2
2026-01-24T10:00,0.0,0.0,16.8
2026-01-24T11:00,0.0,0.0,17.9
2026-01-24T12:00,0.0,0.0,18.5
2026-01-24T13:00,0.0,0.0,18.5
2026-01-24T14:00,0.0,0.0,18.5
2026-01-24T15:00,0.0,0.0,18.1
2026-01-24T16:00,0.0,0.0,17.1
2026-01-24T17:00,0.0,0.0,16.8
2026-01-24T18:00,0.0,0.0,16.5
2026-01-24T19:00,0.2,0.2,16.2
2026-01-24T20:00,0.2,0.2,15.8
2026-01-24T21:00,0.0,0.0,15.7
2026-01-24T22:00,0.0,0.0,15.8
2026-01-24T23:00,0.0,0.0,15.9
2026-01-25T00:00,0.0,0.0,15.9
2026-01-25T01:00,0.0,0.0,15.9
2026-01-25T02:00,0.0,0.0,15.4
2026-01-25T03:00,0.0,0.0,14.9
2026-01-25T04:00,0.0,0.0,14.4
2026-01-25T05:00,0.0,0.0,13.6
2026-01-25T06:00,0.0,0.0,12.6
2026-01-25T07:00,0.0,0.0,11.9
2026-01-25T08:00,0.0,0.0,17.0
2026-01-25T09:00,0.0,0.0,19.7
2026-01-25T10:00,0.0,0.0,21.6
2026-01-25T11:00,0.0,0.0,22.9
2026-01-25T12:00,0.0,0.0,22.6
2026-01-25T13:00,0.0,0.0,22.1
2026-01-25T14:00,0.0,0.0,22.0
2026-01-25T15:00,0.0,0.0,21.5
2026-01-25T16:00,0.0,0.0,21.3
2026-01-25T17:00,0.0,0.0,20.4
2026-01-25T18:00,0.0,0.0,19.3
2026-01-25T19:00,0.0,0.0,18.6
2026-01-25T20:00,0.0,0.0,17.5
2026-01-25T21:00,0.0,0.0,17.3
2026-01-25T22:00,0.0,0.0,16.8
2026-01-25T23:00,0.0,0.0,16.4
2026-01-26T00:00,0.0,0.0,16.1
2026-01-26T01:00,0.0,0.0,15.3
2026-01-26T02:00,0.0,0.0,15.9
2026-01-26T03:00,0.0,0.0,16.1
2026-01-26T04:00,0.0,0.0,15.4
2026-01-26T05:00,0.0,0.0,14.4
2026-01-26T06:00,0.0,0.0,13.6
2026-01-26T07:00,0.0,0.0,13.8
2026-01-26T08:00,0.0,0.0,16.4
2026-01-26T09:00,0.0,0.0,18.6
2026-01-26T10:00,0.0,0.0,20.1
2026-01-26T11:00,0.0,0.0,21.2
2026-01-26T12:00,0.0,0.0,22.3
2026-01-26T13:00,0.0,0.0,22.0
2026-01-26T14:00,0.0,0.0,22.2
2026-01-26T15:00,0.0,0.0,21.5
2026-01-26T16:00,0.0,0.0,20.5
2026-01-26T17:00,0.0,0.0,19.5
2026-01-26T18:00,0.0,0.0,18.7
2026-01-26T19:00,0.0,0.0,18.5
2026-01-26T20:00,0.0,0.0,18.5
2026-01-26T21:00,0.0,0.0,18.0
2026-01-26T22:00,0.0,0.0,17.1
2026-01-26T23:00,0.4,0.4,17.3
2026-01-27T00:00,0.5,0.5,17.1
2026-01-27T01:00,0.4,0.4,17.0
2026-01-27T02:00,0.0,0.0,17.2
2026-01-27T03:00,0.1,0.1,17.2
2026-01-27T04:00,0.4,0.4,17.0
2026-01-27T05:00,0.5,0.5,16.9
2026-01-27T06:00,0.3,0.3,16.9
2026-01-27T07:00,0.3,0.3,16.3
2026-01-27T08:00,0.5,0.5,16.7
2026-01-27T09:00,0.4,0.4,17.4
2026-01-27T10:00,0.6,0.6,17.5
2026-01-27T11:00,0.2,0.2,17.9
2026-01-27T12:00,0.2,0.2,17.5
2026-01-27T13:00,0.0,0.0,17.6
2026-01-27T14:00,0.0,0.0,17.8
2026-01-27T15:00,0.1,0.1,17.4
2026-01-27T16:00,0.0,0.0,17.0
2026-01-27T17:00,0.0,0.0,16.4
2026-01-27T18:00,0.4,0.4,15.9
2026-01-27T19:00,1.1,1.1,15.4
2026-01-27T20:00,0.6,0.6,15.3
2026-01-27T21:00,0.8,0.8,14.9
2026-01-27T22:00,0.2,0.2,14.9
2026-01-27T23:00,0.6,0.6,14.9
2026-01-28T00:00,0.2,0.2,14.9
2026-01-28T01:00,0.7,0.7,14.7
2026-01-28T02:00,0.2,0.2,14.6
2026-01-28T03:00,0.5,0.5,14.6
2026-01-28T04:00,0.1,0.1,14.5
2026-01-28T05:00,0.0,0.0,14.1
2026-01-28T06:00,0.0,0.0,14.1
2026-01-28T07:00,0.0,0.0,14.1
2026-01-28T08:00,0.0,0.0,14.9
2026-01-28T09:00,0.0,0.0,15.2
2026-01-28T10:00,0.0,0.0,15.6
2026-01-28T11:00,0.0,0.0,16.6
2026-01-28T12:00,0.0,0.0,17.7
2026-01-28T13:00,0.0,0.0,17.8
2026-01-28T14:00,0.1,0.1,17.2
2026-01-28T15:00,0.1,0.1,16.5
2026-01-28T16:00,0.0,0.0,15.9
2026-01-28T17:00,0.0,0.0,15.4
2026-01-28T18:00,0.0,0.0,15.0
2026-01-28T19:00,0.0,0.0,14.6
2026-01-28T20:00,0.0,0.0,15.0
2026-01-28T21:00,0.0,0.0,14.9
2026-01-28T22:00,0.0,0.0,15.1
2026-01-28T23:00,0.0,0.0,15.1
2026-01-29T00:00,0.0,0.0,15.0
2026-01-29T01:00,0.0,0.0,14.8
2026-01-29T02:00,0.0,0.0,15.1
2026-01-29T03:00,0.0,0.0,15.4
2026-01-29T04:00,0.0,0.0,15.4
2026-01-29T05:00,0.0,0.0,15.1
2026-01-29T06:00,0.0,0.0,15.3
2026-01-29T07:00,0.0,0.0,15.4
2026-01-29T08:00,0.0,0.0,17.0
2026-01-29T09:00,0.0,0.0,18.6
2026-01-29T10:00,0.0,0.0,19.8
2026-01-29T11:00,0.0,0.0,20.5
2026-01-29T12:00,0.0,0.0,21.2
2026-01-29T13:00,0.0,0.0,21.0
2026-01-29T14:00,0.0,0.0,20.8
2026-01-29T15:00,0.0,0.0,20.4
2026-01-29T16:00,0.0,0.0,19.6
2026-01-29T17:00,0.0,0.0,18.9
2026-01-29T18:00,0.0,0.0,18.0
2026-01-29T19:00,0.0,0.0,17.7
2026-01-29T20:00,0.0,0.0,17.2
2026-01-29T21:00,0.0,0.0,17.1
2026-01-29T22:00,0.0,0.0,17.2
2026-01-29T23:00,0.0,0.0,17.4
2026-01-30T00:00,0.0,0.0,17.8
2026-01-30T01:00,0.0,0.0,17.6
2026-01-30T02:00,0.3,0.3,17.2
2026-01-30T03:00,0.0,0.0,17.1
2026-01-30T04:00,0.0,0.0,17.0
2026-01-30T05:00,0.0,0.0,17.1
2026-01-30T06:00,0.0,0.0,16.8
2026-01-30T07:00,0.0,0.0,16.3
2026-01-30T08:00,0.0,0.0,17.8
2026-01-30T09:00,0.1,0.1,19.6
2026-01-30T10:00,0.5,0.5,19.6
2026-01-30T11:00,0.1,0.1,19.7
2026-01-30T12:00,0.0,0.0,22.1
2026-01-30T13:00,0.0,0.0,23.9
2026-01-30T14:00,0.0,0.0,24.0
2026-01-30T15:00,0.0,0.0,23.7
2026-01-30T16:00,0.0,0.0,22.5
2026-01-30T17:00,0.0,0.0,20.0
2026-01-30T18:00,0.0,0.0,18.5
2026-01-30T19:00,0.0,0.0,18.2
2026-01-30T20:00,0.0,0.0,17.5
2026-01-30T21:00,0.0,0.0,17.2
2026-01-30T22:00,0.0,0.0,17.0
2026-01-30T23:00,0.1,0.1,17.4
2026-01-31T00:00,0.1,0.1,17.5
2026-01-31T01:00,0.2,0.2,17.3
2026-01-31T02:00,0.2,0.2,17.5
2026-01-31T03:00,0.1,0.1,17.4
2026-01-31T04:00,0.2,0.2,17.2
2026-01-31T05:00,0.1,0.1,17.0
2026-01-31T06:00,0.1,0.1,17.0
2026-01-31T07:00,0.1,0.1,17.0
2026-01-31T08:00,0.2,0.2,17.4
2026-01-31T09:00,0.3,0.3,18.1
2026-01-31T10:00,0.0,0.0,17.8
2026-01-31T11:00,0.0,0.0,17.5
2026-01-31T12:00,0.0,0.0,17.6
2026-01-31T13:00,0.2,0.2,17.9
2026-01-31T14:00,0.2,0.2,17.9
2026-01-31T15:00,0.0,0.0,17.6
2026-01-31T16:00,0.0,0.0,17.4
2026-01-31T17:00,0.0,0.0,16.6
2026-01-31T18:00,0.4,0.4,16.0
2026-01-31T19:00,0.7,0.7,15.4
2026-01-31T20:00,0.2,0.2,15.4
2026-01-31T21:00,0.4,0.4,14.9
2026-01-31T22:00,0.3,0.3,14.8
2026-01-31T23:00,0.2,0.2,14.7
2026-02-01T00:00,0.1,0.1,14.7
2026-02-01T01:00,0.1,0.1,14.6
2026-02-01T02:00,0.8,0.8,14.3
2026-02-01T03:00,1.4,1.4,14.1
2026-02-01T04:00,1.0,1.0,13.8
2026-02-01T05:00,0.8,0.8,13.6
2026-02-01T06:00,0.2,0.2,13.8
2026-02-01T07:00,0.0,0.0,13.6
2026-02-01T08:00,0.0,0.0,14.5
2026-02-01T09:00,0.2,0.2,15.2
2026-02-01T10:00,0.4,0.4,15.4
2026-02-01T11:00,0.2,0.2,15.9
2026-02-01T12:00,0.0,0.0,16.4
2026-02-01T13:00,0.8,0.8,16.0
2026-02-01T14:00,0.5,0.5,16.0
2026-02-01T15:00,0.1,0.1,16.6
2026-02-01T16:00,0.1,0.1,16.0
2026-02-01T17:00,0.1,0.1,15.8
2026-02-01T18:00,0.0,0.0,15.4
2026-02-01T19:00,0.0,0.0,15.4
2026-02-01T20:00,0.0,0.0,15.4
2026-02-01T21:00,0.1,0.1,15.3
2026-02-01T22:00,0.2,0.2,15.2
2026-02-01T23:00,0.2,0.2,15.1
2026-02-02T00:00,0.5,0.5,14.6
2026-02-02T01:00,0.4,0.4,14.6
2026-02-02T02:00,0.3,0.3,14.8
2026-02-02T03:00,0.4,0.4,14.9
2026-02-02T04:00,0.4,0.4,15.1
2026-02-02T05:00,0.3,0.3,15.1
2026-02-02T06:00,0.4,0.4,14.9
2026-02-02T07:00,0.2,0.2,14.8
2026-02-02T08:00,0.2,0.2,15.6
2026-02-02T09:00,0.1,0.1,16.0
2026-02-02T10:00,0.2,0.2,16.5
2026-02-02T11:00,0.0,0.0,16.5
2026-02-02T12:00,0.1,0.1,16.7
2026-02-02T13:00,0.2,0.2,16.0
2026-02-02T14:00,0.1,0.1,15.9
2026-02-02T15:00,0.1,0.1,15.6
2026-02-02T16:00,0.0,0.0,15.2
2026-02-02T17:00,0.0,0.0,14.8
2026-02-02T18:00,0.0,0.0,14.3
2026-02-02T19:00,0.0,0.0,14.2
2026-02-02T20:00,0.0,0.0,14.2
2026-02-02T21:00,0.0,0.0,14.2
2026-02-02T22:00,0.0,0.0,14.1
2026-02-02T23:00,0.0,0.0,14.0
2026-02-03T00:00,0.0,0.0,13.9
2026-02-03T01:00,0.0,0.0,13.9
2026-02-03T02:00,0.0,0.0,14.2
2026-02-03T03:00,0.0,0.0,14.1
2026-02-03T04:00,0.0,0.0,14.1
2026-02-03T05:00,0.0,0.0,13.9
2026-02-03T06:00,0.0,0.0,14.1
2026-02-03T07:00,0.0,0.0,14.4
2026-02-03T08:00,0.0,0.0,15.6
2026-02-03T09:00,0.0,0.0,16.6
2026-02-03T10:00,0.0,0.0,17.7
2026-02-03T11:00,0.0,0.0,18.1
2026-02-03T12:00,0.0,0.0,18.6
2026-02-03T13:00,0.0,0.0,19.0
2026-02-03T14:00,0.0,0.0,19.1
2026-02-03T15:00,0.0,0.0,19.0
2026-02-03T16:00,0.0,0.0,18.1
2026-02-03T17:00,0.0,0.0,17.4
2026-02-03T18:00,0.0,0.0,16.6
2026-02-03T19:00,0.0,0.0,16.2
2026-02-03T20:00,0.0,0.0,16.5
2026-02-03T21:00,0.0,0.0,16.5
2026-02-03T22:00,0.0,0.0,16.4
2026-02-03T23:00,0.0,0.0,16.4
2026-02-04T00:00,0.0,0.0,16.4
2026-02-04T01:00,0.0,0.0,16.1
2026-02-04T02:00,0.0,0.0,15.6
2026-02-04T03:00,0.0,0.0,15.1
2026-02-04T04:00,0.0,0.0,14.1
2026-02-04T05:00,0.0,0.0,13.2
2026-02-04T06:00,0.0,0.0,12.4
2026-02-04T07:00,0.0,0.0,12.4
2026-02-04T08:00,0.0,0.0,16.1
2026-02-04T09:00,0.0,0.0,19.8
2026-02-04T10:00,0.0,0.0,22.3
2026-02-04T11:00,0.0,0.0,24.0
2026-02-04T12:00,0.0,0.0,24.7
2026-02-04T13:00,0.0,0.0,24.9
2026-02-04T14:00,0.0,0.0,24.1
2026-02-04T15:00,0.0,0.0,23.4
2026-02-04T16:00,0.0,0.0,22.6
2026-02-04T17:00,0.0,0.0,21.4
2026-02-04T18:00,0.0,0.0,19.0
2026-02-04T19:00,0.0,0.0,17.3
2026-02-04T20:00,0.0,0.0,16.4
2026-02-04T21:00,0.0,0.0,15.8
2026-02-04T22:00,0.0,0.0,14.9
2026-02-04T23:00,0.0,0.0,14.4
2026-02-05T00:00,0.0,0.0,14.1
2026-02-05T01:00,0.0,0.0,14.4
2026-02-05T02:00,0.0,0.0,15.4
2026-02-05T03:00,0.0,0.0,15.6
2026-02-05T04:00,0.0,0.0,16.0
2026-02-05T05:00,0.0,0.0,16.0
2026-02-05T06:00,0.0,0.0,16.5
2026-02-05T07:00,0.0,0.0,16.8
2026-02-05T08:00,0.0,0.0,17.8
2026-02-05T09:00,0.0,0.0,18.7
2026-02-05T10:00,0.0,0.0,20.1
2026-02-05T11:00,0.0,0.0,21.5
2026-02-05T12:00,0.0,0.0,22.3
2026-02-05T13:00,0.0,0.0,24.1
2026-02-05T14:00,0.0,0.0,24.5
2026-02-05T15:00,0.0,0.0,24.5
2026-02-05T16:00,0.0,0.0,24.6
2026-02-05T17:00,0.0,0.0,23.5
2026-02-05T18:00,0.0,0.0,22.0
2026-02-05T19:00,0.0,0.0,20.3
2026-02-05T20:00,0.0,0.0,19.1
2026-02-05T21:00,0.0,0.0,18.5
2026-02-05T22:00,0.0,0.0,17.7
2026-02-05T23:00,0.0,0.0,17.6
2026-02-06T00:00,0.0,0.0,17.6
2026-02-06T01:00,0.0,0.0,17.5
2026-02-06T02:00,0.0,0.0,18.4
2026-02-06T03:00,0.0,0.0,17.7
2026-02-06T04:00,0.0,0.0,16.8
2026-02-06T05:00,0.0,0.0,16.5
2026-02-06T06:00,0.0,0.0,16.1
2026-02-06T07:00,0.0,0.0,17.0
2026-02-06T08:00,0.0,0.0,18.1
2026-02-06T09:00,0.0,0.0,19.8
2026-02-06T10:00,0.0,0.0,20.8
2026-02-06T11:00,0.0,0.0,21.7
2026-02-06T12:00,0.2,0.2,23.5
2026-02-06T13:00,0.2,0.2,23.4
2026-02-06T14:00,0.4,0.4,20.6
2026-02-06T15:00,0.1,0.1,20.4
2026-02-06T16:00,0.0,0.0,20.0
2026-02-06T17:00,0.0,0.0,19.5
2026-02-06T18:00,0.0,0.0,19.0
2026-02-06T19:00,0.1,0.1,18.9
2026-02-06T20:00,0.1,0.1,18.3
2026-02-06T21:00,0.1,0.1,18.0
2026-02-06T22:00,0.1,0.1,17.9
2026-02-06T23:00,0.0,0.0,17.6
2026-02-07T00:00,0.1,0.1,17.5
2026-02-07T01:00,0.1,0.1,17.0
2026-02-07T02:00,0.1,0.1,16.6
2026-02-07T03:00,0.2,0.2,16.1
2026-02-07T04:00,0.5,0.5,15.6
2026-02-07T05:00,0.2,0.2,15.2
2026-02-07T06:00,0.1,0.1,15.1
2026-02-07T07:00,0.1,0.1,14.9
2026-02-07T08:00,0.0,0.0,15.4
2026-02-07T09:00,0.0,0.0,15.6
2026-02-07T10:00,0.0,0.0,16.0
2026-02-07T11:00,0.0,0.0,15.9
2026-02-07T12:00,0.0,0.0,15.8
2026-02-07T13:00,0.1,0.1,15.1
2026-02-07T14:00,0.2,0.2,15.0
2026-02-07T15:00,0.2,0.2,14.6
2026-02-07T16:00,0.1,0.1,14.3
2026-02-07T17:00,0.0,0.0,13.9
2026-02-07T18:00,0.0,0.0,13.4
2026-02-07T19:00,0.0,0.0,13.4
2026-02-07T20:00,0.0,0.0,13.2
2026-02-07T21:00,0.2,0.2,12.9
2026-02-07T22:00,0.1,0.1,12.8
2026-02-07T23:00,0.2,0.2,12.5
2026-02-08T00:00,0.2,0.2,12.2
2026-02-08T01:00,0.7,0.7,11.8
2026-02-08T02:00,0.3,0.3,11.8
2026-02-08T03:00,0.4,0.4,11.4
2026-02-08T04:00,0.1,0.1,11.1
2026-02-08T05:00,0.0,0.0,10.8
2026-02-08T06:00,0.1,0.1,10.6
2026-02-08T07:00,0.2,0.2,10.4
2026-02-08T08:00,0.0,0.0,10.4
2026-02-08T09:00,0.2,0.2,10.2
2026-02-08T10:00,0.1,0.1,10.4
2026-02-08T11:00,0.0,0.0,10.9
2026-02-08T12:00,0.0,0.0,11.1
2026-02-08T13:00,0.0,0.0,10.8
2026-02-08T14:00,0.0,0.0,10.4
2026-02-08T15:00,0.0,0.0,10.3
2026-02-08T16:00,0.0,0.0,10.2
2026-02-08T17:00,0.0,0.0,10.3
2026-02-08T18:00,0.0,0.0,9.8
2026-02-08T19:00,0.0,0.0,9.4
2026-02-08T20:00,0.0,0.0,10.1
2026-02-08T21:00,0.0,0.0,10.1
2026-02-08T22:00,0.0,0.0,10.1
2026-02-08T23:00,0.0,0.0,10.1
2026-02-09T00:00,0.0,0.0,10.1
2026-02-09T01:00,0.0,0.0,10.2
2026-02-09T02:00,0.0,0.0,10.2
2026-02-09T03:00,0.0,0.0,10.2
2026-02-09T04:00,0.0,0.0,10.3
2026-02-09T05:00,0.0,0.0,10.6
2026-02-09T06:00,0.0,0.0,10.8
2026-02-09T07:00,0.0,0.0,10.9
2026-02-09T08:00,0.0,0.0,12.0
2026-02-09T09:00,0.0,0.0,13.2
2026-02-09T10:00,0.0,0.0,14.2
2026-02-09T11:00,0.0,0.0,15.1
2026-02-09T12:00,0.0,0.0,16.1
2026-02-09T13:00,0.0,0.0,17.2
2026-02-09T14:00,0.0,0.0,17.3
2026-02-09T15:00,0.0,0.0,17.0
2026-02-09T16:00,0.0,0.0,16.2
2026-02-09T17:00,0.0,0.0,15.6
2026-02-09T18:00,0.0,0.0,14.4
2026-02-09T19:00,0.0,0.0,13.8
2026-02-09T20:00,0.0,0.0,12.6
2026-02-09T21:00,0.0,0.0,12.6
2026-02-09T22:00,0.0,0.0,12.5
2026-02-09T23:00,0.0,0.0,12.1
2026-02-10T00:00,0.0,0.0,12.9
2026-02-10T01:00,0.0,0.0,13.3
2026-02-10T02:00,0.0,0.0,12.3
2026-02-10T03:00,0.0,0.0,11.4
2026-02-10T04:00,0.0,0.0,11.8
2026-02-10T05:00,0.0,0.0,11.9
2026-02-10T06:00,0.0,0.0,11.9
2026-02-10T07:00,0.0,0.0,12.7
2026-02-10T08:00,0.0,0.0,14.9
2026-02-10T09:00,0.0,0.0,16.6
2026-02-10T10:00,0.0,0.0,18.6
2026-02-10T11:00,0.0,0.0,20.6
2026-02-10T12:00,0.0,0.0,21.9
2026-02-10T13:00,0.0,0.0,22.0
2026-02-10T14:00,0.0,0.0,21.6
2026-02-10T15:00,0.0,0.0,20.8
2026-02-10T16:00,0.0,0.0,20.1
2026-02-10T17:00,0.0,0.0,19.1
2026-02-10T18:00,0.0,0.0,17.4
2026-02-10T19:00,0.0,0.0,16.2
2026-02-10T20:00,0.0,0.0,15.4
2026-02-10T21:00,0.0,0.0,14.9
2026-02-10T22:00,0.0,0.0,14.5
2026-02-10T23:00,0.0,0.0,15.1
2026-02-11T00:00,0.0,0.0,15.1
2026-02-11T01:00,0.0,0.0,15.2
2026-02-11T02:00,0.0,0.0,15.8
2026-02-11T03:00,0.0,0.0,16.0
2026-02-11T04:00,0.0,0.0,15.2
2026-02-11T05:00,0.0,0.0,14.9
2026-02-11T06:00,0.0,0.0,14.4
2026-02-11T07:00,0.0,0.0,14.2
2026-02-11T08:00,0.0,0.0,16.8
2026-02-11T09:00,0.0,0.0,18.6
2026-02-11T10:00,0.0,0.0,19.8
2026-02-11T11:00,0.0,0.0,20.1
2026-02-11T12:00,0.0,0.0,19.3
2026-02-11T13:00,0.0,0.0,18.6
2026-02-11T14:00,0.0,0.0,18.2
2026-02-11T15:00,0.0,0.0,17.5
2026-02-11T16:00,0.0,0.0,16.8
2026-02-11T17:00,0.0,0.0,16.2
2026-02-11T18:00,0.0,0.0,15.6
2026-02-11T19:00,0.0,0.0,15.2
2026-02-11T20:00,0.0,0.0,15.4
2026-02-11T21:00,0.0,0.0,15.5
2026-02-11T22:00,0.3,0.3,15.4
2026-02-11T23:00,0.0,0.0,15.4
2026-02-12T00:00,0.0,0.0,15.3
2026-02-12T01:00,0.0,0.0,15.2
2026-02-12T02:00,0.0,0.0,15.1
2026-02-12T03:00,0.0,0.0,15.1
2026-02-12T04:00,0.0,0.0,15.2
2026-02-12T05:00,0.0,0.0,15.4
2026-02-12T06:00,0.0,0.0,15.4
2026-02-12T07:00,0.0,0.0,15.3
2026-02-12T08:00,0.0,0.0,17.3
2026-02-12T09:00,0.0,0.0,18.8
2026-02-12T10:00,0.0,0.0,20.1
2026-02-12T11:00,0.0,0.0,21.3
2026-02-12T12:00,0.0,0.0,21.9
2026-02-12T13:00,0.0,0.0,22.0
2026-02-12T14:00,0.0,0.0,21.9
2026-02-12T15:00,0.0,0.0,20.8
2026-02-12T16:00,0.0,0.0,20.8
2026-02-12T17:00,0.0,0.0,19.8
2026-02-12T18:00,0.0,0.0,18.4
2026-02-12T19:00,0.0,0.0,17.5
2026-02-12T20:00,0.0,0.0,17.8
2026-02-12T21:00,0.0,0.0,17.3
2026-02-12T22:00,0.0,0.0,17.2
2026-02-12T23:00,0.0,0.0,17.2
2026-02-13T00:00,0.0,0.0,16.6
2026-02-13T01:00,0.0,0.0,15.9
2026-02-13T02:00,0.0,0.0,15.2
2026-02-13T03:00,0.0,0.0,15.1
2026-02-13T04:00,0.0,0.0,14.1
2026-02-13T05:00,0.0,0.0,13.2
2026-02-13T06:00,0.0,0.0,12.9
2026-02-13T07:00,0.0,0.0,13.4
2026-02-13T08:00,0.0,0.0,16.5
2026-02-13T09:00,0.0,0.0,20.6
2026-02-13T10:00,0.0,0.0,23.8
2026-02-13T11:00,0.0,0.0,25.4
2026-02-13T12:00,0.0,0.0,26.0
2026-02-13T13:00,0.0,0.0,25.5
2026-02-13T14:00,0.0,0.0,25.0
2026-02-13T15:00,0.0,0.0,24.7
2026-02-13T16:00,0.0,0.0,24.2
2026-02-13T17:00,0.0,0.0,22.8
2026-02-13T18:00,0.0,0.0,20.0
2026-02-13T19:00,0.0,0.0,18.8
2026-02-13T20:00,0.0,0.0,17.4
2026-02-13T21:00,0.0,0.0,16.3
2026-02-13T22:00,0.0,0.0,15.4
2026-02-13T23:00,0.0,0.0,14.6
2026-02-14T00:00,0.0,0.0,13.9
2026-02-14T01:00,0.0,0.0,13.4
2026-02-14T02:00,0.0,0.0,13.9
2026-02-14T03:00,0.0,0.0,14.6
2026-02-14T04:00,0.0,0.0,14.4
2026-02-14T05:00,0.0,0.0,14.4
2026-02-14T06:00,0.0,0.0,14.1
2026-02-14T07:00,0.0,0.0,14.2
2026-02-14T08:00,0.0,0.0,17.2
2026-02-14T09:00,0.0,0.0,20.5
2026-02-14T10:00,0.0,0.0,23.4
2026-02-14T11:00,0.0,0.0,25.3
2026-02-14T12:00,0.0,0.0,26.6
2026-02-14T13:00,0.0,0.0,27.3
2026-02-14T14:00,0.0,0.0,27.6
2026-02-14T15:00,0.0,0.0,26.5
2026-02-14T16:00,0.0,0.0,25.1
2026-02-14T17:00,0.0,0.0,23.6
2026-02-14T18:00,0.0,0.0,21.4
2026-02-14T19:00,0.0,0.0,20.5
2026-02-14T20:00,0.0,0.0,18.8
2026-02-14T21:00,0.0,0.0,17.1
2026-02-14T22:00,0.0,0.0,15.9
2026-02-14T23:00,0.0,0.0,15.4
2026-02-15T00:00,0.0,0.0,15.2
2026-02-15T01:00,0.0,0.0,15.0
2026-02-15T02:00,0.0,0.0,16.0
2026-02-15T03:00,0.0,0.0,16.2
2026-02-15T04:00,0.0,0.0,16.4
2026-02-15T05:00,0.0,0.0,16.4
2026-02-15T06:00,0.0,0.0,16.4
2026-02-15T07:00,0.0,0.0,17.0
2026-02-15T08:00,0.0,0.0,20.3
2026-02-15T09:00,0.0,0.0,23.1
2026-02-15T10:00,0.0,0.0,25.4
2026-02-15T11:00,0.0,0.0,27.0
2026-02-15T12:00,0.0,0.0,28.1
2026-02-15T13:00,0.0,0.0,28.5
2026-02-15T14:00,0.0,0.0,28.0
2026-02-15T15:00,0.0,0.0,26.8
2026-02-15T16:00,0.0,0.0,26.0
2026-02-15T17:00,0.0,0.0,24.8
2026-02-15T18:00,0.0,0.0,22.4
2026-02-15T19:00,0.0,0.0,20.6
2026-02-15T20:00,0.0,0.0,19.3
2026-02-15T21:00,0.0,0.0,18.8
2026-02-15T22:00,0.0,0.0,18.0
2026-02-15T23:00,0.0,0.0,17.0
2026-02-16T00:00,0.0,0.0,16.0
2026-02-16T01:00,0.0,0.0,15.4
2026-02-16T02:00,0.0,0.0,14.9
2026-02-16T03:00,0.0,0.0,14.8
2026-02-16T04:00,0.0,0.0,15.4
2026-02-16T05:00,0.0,0.0,16.0
2026-02-16T06:00,0.0,0.0,16.5
2026-02-16T07:00,0.0,0.0,16.9
2026-02-16T08:00,0.0,0.0,18.1
2026-02-16T09:00,0.0,0.0,19.8
2026-02-16T10:00,0.0,0.0,21.0
2026-02-16T11:00,0.0,0.0,22.4
2026-02-16T12:00,0.1,0.1,22.9
2026-02-16T13:00,0.2,0.2,22.7
2026-02-16T14:00,0.2,0.2,21.2
2026-02-16T15:00,0.2,0.2,20.7
2026-02-16T16:00,0.1,0.1,20.0
2026-02-16T17:00,0.1,0.1,19.0
2026-02-16T18:00,0.0,0.0,18.3
2026-02-16T19:00,0.0,0.0,17.8
2026-02-16T20:00,0.0,0.0,17.6
2026-02-16T21:00,0.0,0.0,17.4
2026-02-16T22:00,0.0,0.0,17.0
2026-02-16T23:00,0.0,0.0,16.9
2026-02-17T00:00,0.0,0.0,16.9
2026-02-17T01:00,0.0,0.0,16.5
2026-02-17T02:00,0.0,0.0,16.5
2026-02-17T03:00,0.0,0.0,16.0
2026-02-17T04:00,0.1,0.1,15.9
2026-02-17T05:00,0.1,0.1,15.6
2026-02-17T06:00,0.8,0.8,15.3
2026-02-17T07:00,0.7,0.7,15.2
2026-02-17T08:00,0.7,0.7,15.8
2026-02-17T09:00,0.4,0.4,16.5
2026-02-17T10:00,0.4,0.4,16.4
2026-02-17T11:00,0.7,0.7,17.1
2026-02-17T12:00,0.1,0.1,16.8
2026-02-17T13:00,0.0,0.0,16.8
2026-02-17T14:00,0.0,0.0,17.2
2026-02-17T15:00,0.0,0.0,17.0
2026-02-17T16:00,0.0,0.0,16.7
2026-02-17T17:00,0.2,0.2,16.1
2026-02-17T18:00,0.3,0.3,15.6
2026-02-17T19:00,0.0,0.0,15.4
2026-02-17T20:00,0.0,0.0,15.6
2026-02-17T21:00,0.0,0.0,15.4
2026-02-17T22:00,0.1,0.1,15.2
2026-02-17T23:00,0.0,0.0,14.9
2026-02-18T00:00,0.0,0.0,14.8
2026-02-18T01:00,0.2,0.2,14.6
2026-02-18T02:00,0.4,0.4,14.5
2026-02-18T03:00,0.4,0.4,14.2
2026-02-18T04:00,0.8,0.8,14.1
2026-02-18T05:00,1.3,1.3,13.9
2026-02-18T06:00,0.3,0.3,13.7
2026-02-18T07:00,0.0,0.0,13.7
2026-02-18T08:00,0.0,0.0,14.4
2026-02-18T09:00,0.0,0.0,15.1
2026-02-18T10:00,0.0,0.0,16.0
2026-02-18T11:00,0.0,0.0,16.6
2026-02-18T12:00,0.0,0.0,16.9
2026-02-18T13:00,0.0,0.0,17.3
2026-02-18T14:00,0.0,0.0,16.5
2026-02-18T15:00,0.0,0.0,16.2
2026-02-18T16:00,0.0,0.0,15.8
2026-02-18T17:00,0.0,0.0,15.3
2026-02-18T18:00,0.0,0.0,14.8
2026-02-18T19:00,0.0,0.0,14.7
2026-02-18T20:00,0.0,0.0,14.9
2026-02-18T21:00,0.0,0.0,15.1
2026-02-18T22:00,0.0,0.0,15.3
2026-02-18T23:00,0.0,0.0,15.1
2026-02-19T00:00,0.0,0.0,14.9
2026-02-19T01:00,0.0,0.0,14.9
2026-02-19T02:00,0.0,0.0,15.1
2026-02-19T03:00,0.0,0.0,15.2
2026-02-19T04:00,0.0,0.0,15.2
2026-02-19T05:00,0.0,0.0,15.5
2026-02-19T06:00,0.0,0.0,15.6
2026-02-19T07:00,0.0,0.0,15.5
2026-02-19T08:00,0.0,0.0,16.5
2026-02-19T09:00,0.0,0.0,17.6
2026-02-19T10:00,0.0,0.0,19.1
2026-02-19T11:00,0.0,0.0,20.2
2026-02-19T12:00,0.0,0.0,20.6
2026-02-19T13:00,0.0,0.0,20.5
2026-02-19T14:00,0.0,0.0,20.3
2026-02-19T15:00,0.0,0.0,20.2
2026-02-19T16:00,0.0,0.0,20.0
2026-02-19T17:00,0.0,0.0,19.2
2026-02-19T18:00,0.0,0.0,17.4
2026-02-19T19:00,0.0,0.0,16.1
2026-02-19T20:00,0.0,0.0,15.1
2026-02-19T21:00,0.0,0.0,15.6
2026-02-19T22:00,0.0,0.0,15.9
2026-02-19T23:00,0.0,0.0,15.9
2026-02-20T00:00,0.0,0.0,14.4
2026-02-20T01:00,0.0,0.0,13.6
2026-02-20T02:00,0.0,0.0,13.4
2026-02-20T03:00,0.0,0.0,14.5
2026-02-20T04:00,0.1,0.1,16.1
2026-02-20T05:00,0.2,0.2,15.9
2026-02-20T06:00,0.1,0.1,15.6
2026-02-20T07:00,0.1,0.1,15.6
2026-02-20T08:00,0.2,0.2,16.3
2026-02-20T09:00,0.1,0.1,16.9
2026-02-20T10:00,0.1,0.1,17.0
2026-02-20T11:00,0.0,0.0,18.8
2026-02-20T12:00,0.0,0.0,20.0
2026-02-20T13:00,0.0,0.0,20.5
2026-02-20T14:00,0.0,0.0,20.5
2026-02-20T15:00,0.0,0.0,20.0
2026-02-20T16:00,0.0,0.0,20.0
2026-02-20T17:00,0.0,0.0,19.3
2026-02-20T18:00,0.0,0.0,18.0
2026-02-20T19:00,0.0,0.0,17.1
2026-02-20T20:00,0.0,0.0,16.1
2026-02-20T21:00,0.0,0.0,15.9
2026-02-20T22:00,0.0,0.0,15.8
2026-02-20T23:00,0.0,0.0,15.9
2026-02-21T00:00,0.0,0.0,15.7
2026-02-21T01:00,0.0,0.0,15.1
2026-02-21T02:00,0.0,0.0,14.4
2026-02-21T03:00,0.0,0.0,13.8
2026-02-21T04:00,0.0,0.0,14.0
2026-02-21T05:00,0.0,0.0,13.4
2026-02-21T06:00,0.0,0.0,12.8
2026-02-21T07:00,0.0,0.0,13.0
2026-02-21T08:00,0.0,0.0,16.8
2026-02-21T09:00,0.0,0.0,19.6
2026-02-21T10:00,0.0,0.0,22.0
2026-02-21T11:00,0.0,0.0,23.5
2026-02-21T12:00,0.0,0.0,24.8
2026-02-21T13:00,0.0,0.0,25.1
2026-02-21T14:00,0.0,0.0,24.5
2026-02-21T15:00,0.0,0.0,23.5
2026-02-21T16:00,0.0,0.0,22.8
2026-02-21T17:00,0.0,0.0,22.0
2026-02-21T18:00,0.0,0.0,20.6
2026-02-21T19:00,0.0,0.0,19.6
2026-02-21T20:00,0.0,0.0,18.4
2026-02-21T21:00,0.0,0.0,17.4
2026-02-21T22:00,0.0,0.0,16.4
2026-02-21T23:00,0.0,0.0,15.6
2026-02-22T00:00,0.0,0.0,15.2
2026-02-22T01:00,0.0,0.0,14.8
2026-02-22T02:00,0.0,0.0,15.9
2026-02-22T03:00,0.0,0.0,16.4
2026-02-22T04:00,0.0,0.0,16.3
2026-02-22T05:00,0.0,0.0,16.6
2026-02-22T06:00,0.0,0.0,16.4
2026-02-22T07:00,0.0,0.0,16.5
2026-02-22T08:00,0.0,0.0,18.7
2026-02-22T09:00,0.0,0.0,21.4
2026-02-22T10:00,0.0,0.0,23.1
2026-02-22T11:00,0.0,0.0,24.6
2026-02-22T12:00,0.0,0.0,25.8
2026-02-22T13:00,0.0,0.0,26.2
2026-02-22T14:00,0.0,0.0,26.3
2026-02-22T15:00,0.0,0.0,26.6
2026-02-22T16:00,0.0,0.0,26.1
2026-02-22T17:00,0.0,0.0,24.2
2026-02-22T18:00,0.0,0.0,21.8
2026-02-22T19:00,0.0,0.0,19.9
2026-02-22T20:00,0.0,0.0,19.5
2026-02-22T21:00,0.0,0.0,19.5
2026-02-22T22:00,0.0,0.0,19.6
2026-02-22T23:00,0.0,0.0,19.5
2026-02-23T00:00,0.0,0.0,19.2
2026-02-23T01:00,0.0,0.0,18.8
2026-02-23T02:00,0.0,0.0,18.6
2026-02-23T03:00,0.0,0.0,18.4
2026-02-23T04:00,0.0,0.0,17.9
2026-02-23T05:00,0.0,0.0,17.6
2026-02-23T06:00,0.0,0.0,17.5
2026-02-23T07:00,0.0,0.0,18.0
2026-02-23T08:00,0.0,0.0,21.3
2026-02-23T09:00,0.0,0.0,23.6
2026-02-23T10:00,0.0,0.0,24.9
2026-02-23T11:00,0.0,0.0,26.4
2026-02-23T12:00,0.0,0.0,27.0
2026-02-23T13:00,0.0,0.0,27.0
2026-02-23T14:00,0.0,0.0,28.2
2026-02-23T15:00,0.0,0.0,27.4
2026-02-23T16:00,0.0,0.0,26.1
2026-02-23T17:00,0.0,0.0,24.2
2026-02-23T18:00,0.0,0.0,22.3
2026-02-23T19:00,0.0,0.0,21.6
2026-02-23T20:00,0.0,0.0,21.0
2026-02-23T21:00,0.0,0.0,20.6
2026-02-23T22:00,0.0,0.0,20.5
2026-02-23T23:00,0.0,0.0,19.8
2026-02-24T00:00,0.0,0.0,19.0
2026-02-24T01:00,0.0,0.0,18.5
2026-02-24T02:00,0.0,0.0,19.0
2026-02-24T03:00,0.0,0.0,19.0
2026-02-24T04:00,0.1,0.1,19.0
2026-02-24T05:00,0.2,0.2,18.9
2026-02-24T06:00,0.4,0.4,18.4
2026-02-24T07:00,0.1,0.1,18.3
2026-02-24T08:00,0.1,0.1,19.5
2026-02-24T09:00,0.0,0.0,21.7
2026-02-24T10:00,0.0,0.0,23.2
2026-02-24T11:00,0.0,0.0,22.0
2026-02-24T12:00,0.0,0.0,22.4
2026-02-24T13:00,0.9,0.9,23.9
2026-02-24T14:00,2.7,2.7,24.1
2026-02-24T15:00,0.0,0.0,24.5
2026-02-24T16:00,0.0,0.0,24.5
2026-02-24T17:00,0.0,0.0,24.0
2026-02-24T18:00,0.0,0.0,22.8
2026-02-24T19:00,0.0,0.0,21.2
2026-02-24T20:00,0.0,0.0,20.4
2026-02-24T21:00,0.0,0.0,19.9
2026-02-24T22:00,0.0,0.0,19.6
2026-02-24T23:00,0.0,0.0,19.5
